legacy_id,inquiry_number,calculation_sheet,calculation_sheet_path,customer_po_sheet,customer_po_sheet_path,email_attachment,email_attachment_path,supplier_quote_attachment,sqa_path,supplier_quote_attachment_additional,sqa_additional_path
28263,28263,NULL,NULL,NULL,NULL,NULL,NULL,NULL,NULL,NULL,NULL
28262,28262,NULL,NULL,NULL,NULL,NULL,NULL,NULL,NULL,NULL,NULL
28261,28261,NULL,NULL,NULL,NULL,NULL,NULL,NULL,NULL,NULL,NULL
28260,28260,NULL,NULL,NULL,NULL,NULL,NULL,NULL,NULL,NULL,NULL
28259,28259,NULL,NULL,NULL,NULL,NULL,NULL,NULL,NULL,NULL,NULL
28258,28258,NULL,NULL,NULL,NULL,NULL,NULL,NULL,NULL,NULL,NULL
28257,28257,NULL,NULL,NULL,NULL,NULL,NULL,NULL,NULL,NULL,NULL
28256,28256,NULL,NULL,NULL,NULL,NULL,NULL,NULL,NULL,NULL,NULL
28255,28255,NULL,NULL,NULL,NULL,NULL,NULL,NULL,NULL,NULL,NULL
28254,28254,NULL,NULL,NULL,NULL,NULL,NULL,NULL,NULL,NULL,NULL
28253,28253,NULL,NULL,NULL,NULL,NULL,NULL,NULL,NULL,NULL,NULL
28252,28252,NULL,NULL,NULL,NULL,NULL,NULL,NULL,NULL,NULL,NULL
28251,28251,NULL,NULL,NULL,NULL,NULL,NULL,NULL,NULL,NULL,NULL
28250,28250,NULL,NULL,NULL,NULL,NULL,NULL,NULL,NULL,NULL,NULL
28249,28249,NULL,NULL,NULL,NULL,NULL,NULL,NULL,NULL,NULL,NULL
28248,28248,NULL,NULL,NULL,NULL,NULL,NULL,NULL,NULL,NULL,NULL
28247,28247,NULL,NULL,NULL,NULL,NULL,NULL,NULL,NULL,NULL,NULL
28246,28246,28246_Calc_Sheet.xlsx,https://bulkmro.com/media/quotation_attachment/28246_Calc_Sheet.xlsx,28246POSheet.pdf,https://bulkmro.com/media/quotation_attachment1/28246POSheet.pdf,NULL,NULL,28246SupplierQuote.Pdf,https://bulkmro.com/media/quotation_attachment3/28246SupplierQuote.Pdf,28246FinalSupQuote.Pdf,https://bulkmro.com/media/quotation_attachment4/28246FinalSupQuote.Pdf
28245,28245,NULL,NULL,NULL,NULL,NULL,NULL,NULL,NULL,NULL,NULL
28244,28244,NULL,NULL,NULL,NULL,NULL,NULL,NULL,NULL,NULL,NULL
28243,28243,NULL,NULL,NULL,NULL,NULL,NULL,NULL,NULL,NULL,NULL
28242,28242,28242_Calc_Sheet.pdf,https://bulkmro.com/media/quotation_attachment/28242_Calc_Sheet.pdf,28242POSheet.pdf,https://bulkmro.com/media/quotation_attachment1/28242POSheet.pdf,28242EmailSheet.pdf,https://bulkmro.com/media/quotation_attachment2/28242EmailSheet.pdf,28242SupplierQuote.pdf,https://bulkmro.com/media/quotation_attachment3/28242SupplierQuote.pdf,28242FinalSupQuote.xlsx,https://bulkmro.com/media/quotation_attachment4/28242FinalSupQuote.xlsx
28241,28241,NULL,NULL,NULL,NULL,NULL,NULL,NULL,NULL,NULL,NULL
28240,28240,NULL,NULL,NULL,NULL,NULL,NULL,NULL,NULL,NULL,NULL
28239,28239,NULL,NULL,NULL,NULL,NULL,NULL,NULL,NULL,NULL,NULL
28238,28238,NULL,NULL,NULL,NULL,NULL,NULL,NULL,NULL,NULL,NULL
28237,28237,NULL,NULL,NULL,NULL,NULL,NULL,NULL,NULL,NULL,NULL
28236,28236,28236_Calc_Sheet.xlsx,https://bulkmro.com/media/quotation_attachment/28236_Calc_Sheet.xlsx,NULL,NULL,NULL,NULL,NULL,NULL,NULL,NULL
28235,28235,NULL,NULL,NULL,NULL,NULL,NULL,NULL,NULL,NULL,NULL
28234,28234,NULL,NULL,NULL,NULL,NULL,NULL,NULL,NULL,NULL,NULL
28233,28233,NULL,NULL,NULL,NULL,NULL,NULL,NULL,NULL,NULL,NULL
28232,28232,NULL,NULL,NULL,NULL,NULL,NULL,NULL,NULL,NULL,NULL
28231,28231,NULL,NULL,NULL,NULL,NULL,NULL,NULL,NULL,NULL,NULL
28230,28230,28230_Calc_Sheet.xlsx,https://bulkmro.com/media/quotation_attachment/28230_Calc_Sheet.xlsx,28230POSheet.pdf,https://bulkmro.com/media/quotation_attachment1/28230POSheet.pdf,28230EmailSheet.pdf,https://bulkmro.com/media/quotation_attachment2/28230EmailSheet.pdf,28230SupplierQuote.pdf,https://bulkmro.com/media/quotation_attachment3/28230SupplierQuote.pdf,28230FinalSupQuote.pdf,https://bulkmro.com/media/quotation_attachment4/28230FinalSupQuote.pdf
28229,28229,28229_Calc_Sheet.xlsx,https://bulkmro.com/media/quotation_attachment/28229_Calc_Sheet.xlsx,28229POSheet.pdf,https://bulkmro.com/media/quotation_attachment1/28229POSheet.pdf,28229EmailSheet.pdf,https://bulkmro.com/media/quotation_attachment2/28229EmailSheet.pdf,NULL,NULL,28229FinalSupQuote.pdf,https://bulkmro.com/media/quotation_attachment4/28229FinalSupQuote.pdf
28228,28228,NULL,NULL,NULL,NULL,NULL,NULL,NULL,NULL,NULL,NULL
28227,28227,NULL,NULL,NULL,NULL,NULL,NULL,NULL,NULL,NULL,NULL
28224,28224,28224_Calc_Sheet.xlsx,https://bulkmro.com/media/quotation_attachment/28224_Calc_Sheet.xlsx,28224POSheet.pdf,https://bulkmro.com/media/quotation_attachment1/28224POSheet.pdf,NULL,NULL,NULL,NULL,28224FinalSupQuote.xls,https://bulkmro.com/media/quotation_attachment4/28224FinalSupQuote.xls
28223,28223,NULL,NULL,NULL,NULL,NULL,NULL,NULL,NULL,NULL,NULL
28221,28221,NULL,NULL,NULL,NULL,NULL,NULL,NULL,NULL,NULL,NULL
28216,28216,28216_Calc_Sheet.xlsx,https://bulkmro.com/media/quotation_attachment/28216_Calc_Sheet.xlsx,28216POSheet.pdf,https://bulkmro.com/media/quotation_attachment1/28216POSheet.pdf,28216EmailSheet.pdf,https://bulkmro.com/media/quotation_attachment2/28216EmailSheet.pdf,28216SupplierQuote.PDF,https://bulkmro.com/media/quotation_attachment3/28216SupplierQuote.PDF,28216FinalSupQuote.PDF,https://bulkmro.com/media/quotation_attachment4/28216FinalSupQuote.PDF
28214,28214,NULL,NULL,NULL,NULL,NULL,NULL,NULL,NULL,NULL,NULL
28213,28213,NULL,NULL,NULL,NULL,NULL,NULL,NULL,NULL,NULL,NULL
28211,28211,28211_Calc_Sheet.xlsx,https://bulkmro.com/media/quotation_attachment/28211_Calc_Sheet.xlsx,28211POSheet.pdf,https://bulkmro.com/media/quotation_attachment1/28211POSheet.pdf,NULL,NULL,28211SupplierQuote.pdf,https://bulkmro.com/media/quotation_attachment3/28211SupplierQuote.pdf,28211FinalSupQuote.pdf,https://bulkmro.com/media/quotation_attachment4/28211FinalSupQuote.pdf
28206,28206,NULL,NULL,NULL,NULL,NULL,NULL,NULL,NULL,NULL,NULL
28204,28204,28204_Calc_Sheet.xlsx,https://bulkmro.com/media/quotation_attachment/28204_Calc_Sheet.xlsx,28204POSheet.pdf,https://bulkmro.com/media/quotation_attachment1/28204POSheet.pdf,NULL,NULL,NULL,NULL,28204FinalSupQuote.pdf,https://bulkmro.com/media/quotation_attachment4/28204FinalSupQuote.pdf
28200,28200,NULL,NULL,NULL,NULL,NULL,NULL,NULL,NULL,NULL,NULL
28196,28196,28196_Calc_Sheet.xlsx,https://bulkmro.com/media/quotation_attachment/28196_Calc_Sheet.xlsx,NULL,NULL,NULL,NULL,NULL,NULL,NULL,NULL
28188,28188,NULL,NULL,NULL,NULL,NULL,NULL,NULL,NULL,NULL,NULL
28177,28177,28177_Calc_Sheet.xlsx,https://bulkmro.com/media/quotation_attachment/28177_Calc_Sheet.xlsx,28177POSheet.pdf,https://bulkmro.com/media/quotation_attachment1/28177POSheet.pdf,28177EmailSheet.pdf,https://bulkmro.com/media/quotation_attachment2/28177EmailSheet.pdf,28177SupplierQuote.pdf,https://bulkmro.com/media/quotation_attachment3/28177SupplierQuote.pdf,28177FinalSupQuote.docx,https://bulkmro.com/media/quotation_attachment4/28177FinalSupQuote.docx
28159,28159,NULL,NULL,NULL,NULL,NULL,NULL,NULL,NULL,NULL,NULL
28151,28151,28151_Calc_Sheet.xlsx,https://bulkmro.com/media/quotation_attachment/28151_Calc_Sheet.xlsx,NULL,NULL,NULL,NULL,NULL,NULL,NULL,NULL
28146,28146,28146_Calc_Sheet.xlsx,https://bulkmro.com/media/quotation_attachment/28146_Calc_Sheet.xlsx,28146POSheet.pdf,https://bulkmro.com/media/quotation_attachment1/28146POSheet.pdf,28146EmailSheet.pdf,https://bulkmro.com/media/quotation_attachment2/28146EmailSheet.pdf,28146SupplierQuote.pdf,https://bulkmro.com/media/quotation_attachment3/28146SupplierQuote.pdf,28146FinalSupQuote.pdf,https://bulkmro.com/media/quotation_attachment4/28146FinalSupQuote.pdf
28141,28141,28141_Calc_Sheet.xlsx,https://bulkmro.com/media/quotation_attachment/28141_Calc_Sheet.xlsx,28141POSheet.pdf,https://bulkmro.com/media/quotation_attachment1/28141POSheet.pdf,28141EmailSheet.pdf,https://bulkmro.com/media/quotation_attachment2/28141EmailSheet.pdf,NULL,NULL,28141FinalSupQuote.pdf,https://bulkmro.com/media/quotation_attachment4/28141FinalSupQuote.pdf
28140,28140,28140_Calc_Sheet.xlsx,https://bulkmro.com/media/quotation_attachment/28140_Calc_Sheet.xlsx,28140POSheet.pdf,https://bulkmro.com/media/quotation_attachment1/28140POSheet.pdf,28140EmailSheet.pdf,https://bulkmro.com/media/quotation_attachment2/28140EmailSheet.pdf,NULL,NULL,28140FinalSupQuote.pdf,https://bulkmro.com/media/quotation_attachment4/28140FinalSupQuote.pdf
28136,28136,28136_Calc_Sheet.xlsx,https://bulkmro.com/media/quotation_attachment/28136_Calc_Sheet.xlsx,28136POSheet.pdf,https://bulkmro.com/media/quotation_attachment1/28136POSheet.pdf,NULL,NULL,28136SupplierQuote.pdf,https://bulkmro.com/media/quotation_attachment3/28136SupplierQuote.pdf,28136FinalSupQuote.pdf,https://bulkmro.com/media/quotation_attachment4/28136FinalSupQuote.pdf
28125,28125,NULL,NULL,NULL,NULL,NULL,NULL,NULL,NULL,NULL,NULL
28104,28104,28104_Calc_Sheet.xlsx,https://bulkmro.com/media/quotation_attachment/28104_Calc_Sheet.xlsx,28104POSheet.pdf,https://bulkmro.com/media/quotation_attachment1/28104POSheet.pdf,NULL,NULL,28104SupplierQuote.pdf,https://bulkmro.com/media/quotation_attachment3/28104SupplierQuote.pdf,28104FinalSupQuote.pdf,https://bulkmro.com/media/quotation_attachment4/28104FinalSupQuote.pdf
28096,28096,28096_Calc_Sheet.xlsx,https://bulkmro.com/media/quotation_attachment/28096_Calc_Sheet.xlsx,28096POSheet.pdf,https://bulkmro.com/media/quotation_attachment1/28096POSheet.pdf,NULL,NULL,NULL,NULL,28096FinalSupQuote.pdf,https://bulkmro.com/media/quotation_attachment4/28096FinalSupQuote.pdf
28083,28083,28083_Calc_Sheet.xlsx,https://bulkmro.com/media/quotation_attachment/28083_Calc_Sheet.xlsx,28083POSheet.pdf,https://bulkmro.com/media/quotation_attachment1/28083POSheet.pdf,NULL,NULL,28083SupplierQuote.pdf,https://bulkmro.com/media/quotation_attachment3/28083SupplierQuote.pdf,28083FinalSupQuote.pdf,https://bulkmro.com/media/quotation_attachment4/28083FinalSupQuote.pdf
28075,28075,NULL,NULL,NULL,NULL,NULL,NULL,NULL,NULL,NULL,NULL
28069,28069,NULL,NULL,NULL,NULL,NULL,NULL,NULL,NULL,NULL,NULL
28065,28065,NULL,NULL,NULL,NULL,NULL,NULL,NULL,NULL,NULL,NULL
28062,28062,NULL,NULL,NULL,NULL,NULL,NULL,NULL,NULL,NULL,NULL
28057,28057,NULL,NULL,NULL,NULL,NULL,NULL,NULL,NULL,NULL,NULL
28047,28047,28047_Calc_Sheet.xlsx,https://bulkmro.com/media/quotation_attachment/28047_Calc_Sheet.xlsx,28047POSheet.pdf,https://bulkmro.com/media/quotation_attachment1/28047POSheet.pdf,NULL,NULL,28047SupplierQuote.pdf,https://bulkmro.com/media/quotation_attachment3/28047SupplierQuote.pdf,28047FinalSupQuote.pdf,https://bulkmro.com/media/quotation_attachment4/28047FinalSupQuote.pdf
28045,28045,NULL,NULL,NULL,NULL,NULL,NULL,NULL,NULL,NULL,NULL
28044,28044,28044_Calc_Sheet.xlsx,https://bulkmro.com/media/quotation_attachment/28044_Calc_Sheet.xlsx,28044POSheet.pdf,https://bulkmro.com/media/quotation_attachment1/28044POSheet.pdf,28044EmailSheet.pdf,https://bulkmro.com/media/quotation_attachment2/28044EmailSheet.pdf,28044SupplierQuote.xls,https://bulkmro.com/media/quotation_attachment3/28044SupplierQuote.xls,28044FinalSupQuote.xls,https://bulkmro.com/media/quotation_attachment4/28044FinalSupQuote.xls
28042,28042,NULL,NULL,NULL,NULL,NULL,NULL,NULL,NULL,NULL,NULL
28039,28039,28039_Calc_Sheet.xlsx,https://bulkmro.com/media/quotation_attachment/28039_Calc_Sheet.xlsx,28039POSheet.pdf,https://bulkmro.com/media/quotation_attachment1/28039POSheet.pdf,NULL,NULL,28039SupplierQuote.pdf,https://bulkmro.com/media/quotation_attachment3/28039SupplierQuote.pdf,28039FinalSupQuote.pdf,https://bulkmro.com/media/quotation_attachment4/28039FinalSupQuote.pdf
28028,28028,NULL,NULL,NULL,NULL,NULL,NULL,NULL,NULL,NULL,NULL
28026,28026,28026_Calc_Sheet.xlsx,https://bulkmro.com/media/quotation_attachment/28026_Calc_Sheet.xlsx,28026POSheet.pdf,https://bulkmro.com/media/quotation_attachment1/28026POSheet.pdf,28026EmailSheet.pdf,https://bulkmro.com/media/quotation_attachment2/28026EmailSheet.pdf,28026SupplierQuote.pdf,https://bulkmro.com/media/quotation_attachment3/28026SupplierQuote.pdf,28026FinalSupQuote.pdf,https://bulkmro.com/media/quotation_attachment4/28026FinalSupQuote.pdf
28015,28015,28015_Calc_Sheet.xlsx,https://bulkmro.com/media/quotation_attachment/28015_Calc_Sheet.xlsx,NULL,NULL,NULL,NULL,NULL,NULL,NULL,NULL
28013,28013,NULL,NULL,NULL,NULL,NULL,NULL,NULL,NULL,NULL,NULL
27998,27998,NULL,NULL,NULL,NULL,NULL,NULL,NULL,NULL,NULL,NULL
27991,27991,27991_Calc_Sheet.xlsx,https://bulkmro.com/media/quotation_attachment/27991_Calc_Sheet.xlsx,27991POSheet.pdf,https://bulkmro.com/media/quotation_attachment1/27991POSheet.pdf,NULL,NULL,27991SupplierQuote.pdf,https://bulkmro.com/media/quotation_attachment3/27991SupplierQuote.pdf,27991FinalSupQuote.pdf,https://bulkmro.com/media/quotation_attachment4/27991FinalSupQuote.pdf
27990,27990,27990_Calc_Sheet.xlsx,https://bulkmro.com/media/quotation_attachment/27990_Calc_Sheet.xlsx,27990POSheet.pdf,https://bulkmro.com/media/quotation_attachment1/27990POSheet.pdf,NULL,NULL,NULL,NULL,27990FinalSupQuote.jpeg,https://bulkmro.com/media/quotation_attachment4/27990FinalSupQuote.jpeg
27986,27986,27986_Calc_Sheet.xlsx,https://bulkmro.com/media/quotation_attachment/27986_Calc_Sheet.xlsx,27986POSheet.pdf,https://bulkmro.com/media/quotation_attachment1/27986POSheet.pdf,NULL,NULL,NULL,NULL,27986FinalSupQuote.xlsx,https://bulkmro.com/media/quotation_attachment4/27986FinalSupQuote.xlsx
27977,27977,NULL,NULL,NULL,NULL,NULL,NULL,NULL,NULL,NULL,NULL
27974,27974,NULL,NULL,NULL,NULL,NULL,NULL,NULL,NULL,NULL,NULL
27969,27969,NULL,NULL,NULL,NULL,NULL,NULL,NULL,NULL,NULL,NULL
27963,27963,NULL,NULL,NULL,NULL,NULL,NULL,NULL,NULL,NULL,NULL
27960,27960,27960_Calc_Sheet.xlsx,https://bulkmro.com/media/quotation_attachment/27960_Calc_Sheet.xlsx,27960POSheet.pdf,https://bulkmro.com/media/quotation_attachment1/27960POSheet.pdf,NULL,NULL,27960SupplierQuote.jpg,https://bulkmro.com/media/quotation_attachment3/27960SupplierQuote.jpg,27960FinalSupQuote.jpg,https://bulkmro.com/media/quotation_attachment4/27960FinalSupQuote.jpg
27958,27958,NULL,NULL,NULL,NULL,NULL,NULL,NULL,NULL,NULL,NULL
27952,27952,NULL,NULL,NULL,NULL,NULL,NULL,NULL,NULL,NULL,NULL
27946,27946,NULL,NULL,NULL,NULL,NULL,NULL,NULL,NULL,NULL,NULL
27941,27941,NULL,NULL,NULL,NULL,NULL,NULL,NULL,NULL,NULL,NULL
27934,27934,27934_Calc_Sheet.xlsx,https://bulkmro.com/media/quotation_attachment/27934_Calc_Sheet.xlsx,27934POSheet.pdf,https://bulkmro.com/media/quotation_attachment1/27934POSheet.pdf,NULL,NULL,27934SupplierQuote.pdf,https://bulkmro.com/media/quotation_attachment3/27934SupplierQuote.pdf,27934FinalSupQuote.pdf,https://bulkmro.com/media/quotation_attachment4/27934FinalSupQuote.pdf
27925,27925,27925_Calc_Sheet.xlsx,https://bulkmro.com/media/quotation_attachment/27925_Calc_Sheet.xlsx,27925POSheet.pdf,https://bulkmro.com/media/quotation_attachment1/27925POSheet.pdf,27925EmailSheet.pdf,https://bulkmro.com/media/quotation_attachment2/27925EmailSheet.pdf,NULL,NULL,27925FinalSupQuote.pdf,https://bulkmro.com/media/quotation_attachment4/27925FinalSupQuote.pdf
27907,27907,27907_Calc_Sheet.xlsx,https://bulkmro.com/media/quotation_attachment/27907_Calc_Sheet.xlsx,27907POSheet.pdf,https://bulkmro.com/media/quotation_attachment1/27907POSheet.pdf,NULL,NULL,NULL,NULL,27907FinalSupQuote.xlsx,https://bulkmro.com/media/quotation_attachment4/27907FinalSupQuote.xlsx
27905,27905,NULL,NULL,NULL,NULL,NULL,NULL,NULL,NULL,NULL,NULL
27903,27903,NULL,NULL,NULL,NULL,NULL,NULL,NULL,NULL,NULL,NULL
27894,27894,NULL,NULL,NULL,NULL,NULL,NULL,NULL,NULL,NULL,NULL
27887,27887,NULL,NULL,NULL,NULL,NULL,NULL,NULL,NULL,NULL,NULL
27881,27881,27881_Calc_Sheet.xlsx,https://bulkmro.com/media/quotation_attachment/27881_Calc_Sheet.xlsx,27881POSheet.pdf,https://bulkmro.com/media/quotation_attachment1/27881POSheet.pdf,NULL,NULL,27881SupplierQuote.pdf,https://bulkmro.com/media/quotation_attachment3/27881SupplierQuote.pdf,27881FinalSupQuote.pdf,https://bulkmro.com/media/quotation_attachment4/27881FinalSupQuote.pdf
27880,27880,NULL,NULL,NULL,NULL,NULL,NULL,NULL,NULL,NULL,NULL
27878,27878,27878_Calc_Sheet.xlsx,https://bulkmro.com/media/quotation_attachment/27878_Calc_Sheet.xlsx,27878POSheet.pdf,https://bulkmro.com/media/quotation_attachment1/27878POSheet.pdf,NULL,NULL,NULL,NULL,27878FinalSupQuote.pdf,https://bulkmro.com/media/quotation_attachment4/27878FinalSupQuote.pdf
27858,27858,NULL,NULL,NULL,NULL,NULL,NULL,NULL,NULL,NULL,NULL
27857,27857,27857_Calc_Sheet.xlsx,https://bulkmro.com/media/quotation_attachment/27857_Calc_Sheet.xlsx,NULL,NULL,NULL,NULL,NULL,NULL,NULL,NULL
27842,27842,NULL,NULL,NULL,NULL,NULL,NULL,NULL,NULL,NULL,NULL
27812,27812,NULL,NULL,NULL,NULL,NULL,NULL,NULL,NULL,NULL,NULL
27807,27807,27807_Calc_Sheet.xlsx,https://bulkmro.com/media/quotation_attachment/27807_Calc_Sheet.xlsx,27807POSheet.pdf,https://bulkmro.com/media/quotation_attachment1/27807POSheet.pdf,NULL,NULL,27807SupplierQuote.pdf,https://bulkmro.com/media/quotation_attachment3/27807SupplierQuote.pdf,27807FinalSupQuote.pdf,https://bulkmro.com/media/quotation_attachment4/27807FinalSupQuote.pdf
27796,27796,NULL,NULL,NULL,NULL,NULL,NULL,NULL,NULL,NULL,NULL
27792,27792,NULL,NULL,NULL,NULL,NULL,NULL,NULL,NULL,NULL,NULL
27789,27789,NULL,NULL,NULL,NULL,NULL,NULL,NULL,NULL,NULL,NULL
27767,27767,27767_Calc_Sheet.xlsx,https://bulkmro.com/media/quotation_attachment/27767_Calc_Sheet.xlsx,27767POSheet.pdf,https://bulkmro.com/media/quotation_attachment1/27767POSheet.pdf,NULL,NULL,NULL,NULL,27767FinalSupQuote.pdf,https://bulkmro.com/media/quotation_attachment4/27767FinalSupQuote.pdf
27759,27759,NULL,NULL,NULL,NULL,NULL,NULL,NULL,NULL,NULL,NULL
27748,27748,NULL,NULL,NULL,NULL,NULL,NULL,NULL,NULL,NULL,NULL
27743,27743,NULL,NULL,NULL,NULL,NULL,NULL,NULL,NULL,NULL,NULL
27737,27737,27737_Calc_Sheet.xlsx,https://bulkmro.com/media/quotation_attachment/27737_Calc_Sheet.xlsx,27737POSheet.pdf,https://bulkmro.com/media/quotation_attachment1/27737POSheet.pdf,NULL,NULL,27737SupplierQuote.pdf,https://bulkmro.com/media/quotation_attachment3/27737SupplierQuote.pdf,27737FinalSupQuote.pdf,https://bulkmro.com/media/quotation_attachment4/27737FinalSupQuote.pdf
27734,27734,NULL,NULL,NULL,NULL,NULL,NULL,NULL,NULL,NULL,NULL
27718,27718,NULL,NULL,NULL,NULL,NULL,NULL,NULL,NULL,NULL,NULL
27710,27710,NULL,NULL,NULL,NULL,NULL,NULL,NULL,NULL,NULL,NULL
27708,27708,27708_Calc_Sheet.xlsx,https://bulkmro.com/media/quotation_attachment/27708_Calc_Sheet.xlsx,27708POSheet.pdf,https://bulkmro.com/media/quotation_attachment1/27708POSheet.pdf,NULL,NULL,27708SupplierQuote.pdf,https://bulkmro.com/media/quotation_attachment3/27708SupplierQuote.pdf,27708FinalSupQuote.pdf,https://bulkmro.com/media/quotation_attachment4/27708FinalSupQuote.pdf
27707,27707,NULL,NULL,NULL,NULL,NULL,NULL,NULL,NULL,NULL,NULL
27690,27690,NULL,NULL,NULL,NULL,NULL,NULL,NULL,NULL,NULL,NULL
27688,27688,NULL,NULL,NULL,NULL,NULL,NULL,NULL,NULL,NULL,NULL
27659,27659,NULL,NULL,NULL,NULL,NULL,NULL,NULL,NULL,NULL,NULL
27653,27653,NULL,NULL,NULL,NULL,NULL,NULL,NULL,NULL,NULL,NULL
27637,27637,NULL,NULL,NULL,NULL,NULL,NULL,NULL,NULL,NULL,NULL
27606,27606,NULL,NULL,NULL,NULL,NULL,NULL,NULL,NULL,NULL,NULL
27585,27585,NULL,NULL,NULL,NULL,NULL,NULL,NULL,NULL,NULL,NULL
27547,27547,27547_Calc_Sheet.xlsx,https://bulkmro.com/media/quotation_attachment/27547_Calc_Sheet.xlsx,27547POSheet.pdf,https://bulkmro.com/media/quotation_attachment1/27547POSheet.pdf,NULL,NULL,NULL,NULL,27547FinalSupQuote.pdf,https://bulkmro.com/media/quotation_attachment4/27547FinalSupQuote.pdf
27499,27499,NULL,NULL,NULL,NULL,NULL,NULL,NULL,NULL,NULL,NULL
27494,27494,27494_Calc_Sheet.xlsx,https://bulkmro.com/media/quotation_attachment/27494_Calc_Sheet.xlsx,27494POSheet.pdf,https://bulkmro.com/media/quotation_attachment1/27494POSheet.pdf,27494EmailSheet.pdf,https://bulkmro.com/media/quotation_attachment2/27494EmailSheet.pdf,27494SupplierQuote.pdf,https://bulkmro.com/media/quotation_attachment3/27494SupplierQuote.pdf,27494FinalSupQuote.pdf,https://bulkmro.com/media/quotation_attachment4/27494FinalSupQuote.pdf
27447,27447,NULL,NULL,NULL,NULL,NULL,NULL,NULL,NULL,NULL,NULL
27401,27401,NULL,NULL,NULL,NULL,NULL,NULL,NULL,NULL,NULL,NULL
27381,27381,NULL,NULL,NULL,NULL,NULL,NULL,NULL,NULL,NULL,NULL
27376,27376,NULL,NULL,NULL,NULL,NULL,NULL,NULL,NULL,NULL,NULL
27353,27353,NULL,NULL,NULL,NULL,NULL,NULL,NULL,NULL,NULL,NULL
27306,27306,27306_Calc_Sheet.xlsx,https://bulkmro.com/media/quotation_attachment/27306_Calc_Sheet.xlsx,27306POSheet.pdf,https://bulkmro.com/media/quotation_attachment1/27306POSheet.pdf,27306EmailSheet.pdf,https://bulkmro.com/media/quotation_attachment2/27306EmailSheet.pdf,27306SupplierQuote.pdf,https://bulkmro.com/media/quotation_attachment3/27306SupplierQuote.pdf,27306FinalSupQuote.pdf,https://bulkmro.com/media/quotation_attachment4/27306FinalSupQuote.pdf
27298,27298,27298_Calc_Sheet.xlsx,https://bulkmro.com/media/quotation_attachment/27298_Calc_Sheet.xlsx,27298POSheet.pdf,https://bulkmro.com/media/quotation_attachment1/27298POSheet.pdf,27298EmailSheet.pdf,https://bulkmro.com/media/quotation_attachment2/27298EmailSheet.pdf,NULL,NULL,27298FinalSupQuote.pdf,https://bulkmro.com/media/quotation_attachment4/27298FinalSupQuote.pdf
27294,27294,NULL,NULL,NULL,NULL,NULL,NULL,NULL,NULL,NULL,NULL
27269,27269,NULL,NULL,NULL,NULL,NULL,NULL,NULL,NULL,NULL,NULL
27258,27258,NULL,NULL,NULL,NULL,NULL,NULL,NULL,NULL,NULL,NULL
27173,27173,NULL,NULL,NULL,NULL,NULL,NULL,NULL,NULL,NULL,NULL
27154,27154,NULL,NULL,NULL,NULL,NULL,NULL,NULL,NULL,NULL,NULL
27129,27129,NULL,NULL,NULL,NULL,NULL,NULL,NULL,NULL,NULL,NULL
27115,27115,NULL,NULL,NULL,NULL,NULL,NULL,NULL,NULL,NULL,NULL
27049,27049,27049_Calc_Sheet.xlsx,https://bulkmro.com/media/quotation_attachment/27049_Calc_Sheet.xlsx,27049POSheet.pdf,https://bulkmro.com/media/quotation_attachment1/27049POSheet.pdf,NULL,NULL,27049SupplierQuote.pdf,https://bulkmro.com/media/quotation_attachment3/27049SupplierQuote.pdf,27049FinalSupQuote.pdf,https://bulkmro.com/media/quotation_attachment4/27049FinalSupQuote.pdf
27046,27046,27046_Calc_Sheet.xlsx,https://bulkmro.com/media/quotation_attachment/27046_Calc_Sheet.xlsx,27046POSheet.pdf,https://bulkmro.com/media/quotation_attachment1/27046POSheet.pdf,NULL,NULL,NULL,NULL,27046FinalSupQuote.pdf,https://bulkmro.com/media/quotation_attachment4/27046FinalSupQuote.pdf
26998,26998,26998_Calc_Sheet.xls,https://bulkmro.com/media/quotation_attachment/26998_Calc_Sheet.xls,26535POSheet.pdf,https://bulkmro.com/media/quotation_attachment1/26535POSheet.pdf,NULL,NULL,26998SupplierQuote.pdf,https://bulkmro.com/media/quotation_attachment3/26998SupplierQuote.pdf,26535FinalSupQuote.xlsx,https://bulkmro.com/media/quotation_attachment4/26535FinalSupQuote.xlsx
28158,26998,26998_Calc_Sheet.xls,https://bulkmro.com/media/quotation_attachment/26998_Calc_Sheet.xls,26535POSheet.pdf,https://bulkmro.com/media/quotation_attachment1/26535POSheet.pdf,NULL,NULL,26998SupplierQuote.pdf,https://bulkmro.com/media/quotation_attachment3/26998SupplierQuote.pdf,26535FinalSupQuote.xlsx,https://bulkmro.com/media/quotation_attachment4/26535FinalSupQuote.xlsx
26985,26985,26985_Calc_Sheet.xlsx,https://bulkmro.com/media/quotation_attachment/26985_Calc_Sheet.xlsx,26985POSheet.pdf,https://bulkmro.com/media/quotation_attachment1/26985POSheet.pdf,26985EmailSheet.pdf,https://bulkmro.com/media/quotation_attachment2/26985EmailSheet.pdf,26985SupplierQuote.pdf,https://bulkmro.com/media/quotation_attachment3/26985SupplierQuote.pdf,26985FinalSupQuote.pdf,https://bulkmro.com/media/quotation_attachment4/26985FinalSupQuote.pdf
26922,26922,NULL,NULL,NULL,NULL,NULL,NULL,NULL,NULL,NULL,NULL
26903,26903,NULL,NULL,NULL,NULL,NULL,NULL,NULL,NULL,NULL,NULL
26890,26890,NULL,NULL,NULL,NULL,NULL,NULL,NULL,NULL,NULL,NULL
26882,26882,26882_Calc_Sheet.xlsx,https://bulkmro.com/media/quotation_attachment/26882_Calc_Sheet.xlsx,26882POSheet.pdf,https://bulkmro.com/media/quotation_attachment1/26882POSheet.pdf,NULL,NULL,26882SupplierQuote.pdf,https://bulkmro.com/media/quotation_attachment3/26882SupplierQuote.pdf,26882FinalSupQuote.pdf,https://bulkmro.com/media/quotation_attachment4/26882FinalSupQuote.pdf
26856,26856,26856_Calc_Sheet.xlsx,https://bulkmro.com/media/quotation_attachment/26856_Calc_Sheet.xlsx,26856POSheet.pdf,https://bulkmro.com/media/quotation_attachment1/26856POSheet.pdf,NULL,NULL,26856SupplierQuote.pdf,https://bulkmro.com/media/quotation_attachment3/26856SupplierQuote.pdf,26856FinalSupQuote.pdf,https://bulkmro.com/media/quotation_attachment4/26856FinalSupQuote.pdf
26847,26847,26847_Calc_Sheet.xlsx,https://bulkmro.com/media/quotation_attachment/26847_Calc_Sheet.xlsx,26847POSheet.pdf,https://bulkmro.com/media/quotation_attachment1/26847POSheet.pdf,26847EmailSheet.docx,https://bulkmro.com/media/quotation_attachment2/26847EmailSheet.docx,26847SupplierQuote.pdf,https://bulkmro.com/media/quotation_attachment3/26847SupplierQuote.pdf,26847FinalSupQuote.pdf,https://bulkmro.com/media/quotation_attachment4/26847FinalSupQuote.pdf
26775,26775,NULL,NULL,NULL,NULL,NULL,NULL,NULL,NULL,NULL,NULL
26768,26768,NULL,NULL,NULL,NULL,NULL,NULL,NULL,NULL,NULL,NULL
26767,26767,NULL,NULL,NULL,NULL,NULL,NULL,NULL,NULL,NULL,NULL
26719,26719,NULL,NULL,NULL,NULL,NULL,NULL,NULL,NULL,NULL,NULL
26718,26718,NULL,NULL,NULL,NULL,NULL,NULL,NULL,NULL,NULL,NULL
26709,26709,NULL,NULL,NULL,NULL,NULL,NULL,NULL,NULL,NULL,NULL
26670,26670,NULL,NULL,NULL,NULL,NULL,NULL,NULL,NULL,NULL,NULL
26662,26662,26662_Calc_Sheet.xlsx,https://bulkmro.com/media/quotation_attachment/26662_Calc_Sheet.xlsx,26662POSheet.pdf,https://bulkmro.com/media/quotation_attachment1/26662POSheet.pdf,26662EmailSheet.PDF,https://bulkmro.com/media/quotation_attachment2/26662EmailSheet.PDF,26662SupplierQuote.pdf,https://bulkmro.com/media/quotation_attachment3/26662SupplierQuote.pdf,26662FinalSupQuote.pdf,https://bulkmro.com/media/quotation_attachment4/26662FinalSupQuote.pdf
26582,26582,26582_Calc_Sheet.xlsx,https://bulkmro.com/media/quotation_attachment/26582_Calc_Sheet.xlsx,26582POSheet.pdf,https://bulkmro.com/media/quotation_attachment1/26582POSheet.pdf,NULL,NULL,26582SupplierQuote.pdf,https://bulkmro.com/media/quotation_attachment3/26582SupplierQuote.pdf,26582FinalSupQuote.pdf,https://bulkmro.com/media/quotation_attachment4/26582FinalSupQuote.pdf
26419,26419,NULL,NULL,NULL,NULL,NULL,NULL,NULL,NULL,NULL,NULL
26383,26383,NULL,NULL,NULL,NULL,NULL,NULL,NULL,NULL,NULL,NULL
26362,26362,NULL,NULL,NULL,NULL,NULL,NULL,NULL,NULL,NULL,NULL
26361,26361,NULL,NULL,NULL,NULL,NULL,NULL,NULL,NULL,NULL,NULL
26318,26318,26318_Calc_Sheet.xlsx,https://bulkmro.com/media/quotation_attachment/26318_Calc_Sheet.xlsx,26318POSheet.pdf,https://bulkmro.com/media/quotation_attachment1/26318POSheet.pdf,26318EmailSheet.xlsb,https://bulkmro.com/media/quotation_attachment2/26318EmailSheet.xlsb,26318SupplierQuote.pdf,https://bulkmro.com/media/quotation_attachment3/26318SupplierQuote.pdf,26318FinalSupQuote.pdf,https://bulkmro.com/media/quotation_attachment4/26318FinalSupQuote.pdf
26107,26107,NULL,NULL,NULL,NULL,NULL,NULL,NULL,NULL,NULL,NULL
26086,26086,26086_Calc_Sheet.xlsx,https://bulkmro.com/media/quotation_attachment/26086_Calc_Sheet.xlsx,26086POSheet.pdf,https://bulkmro.com/media/quotation_attachment1/26086POSheet.pdf,26086EmailSheet.pdf,https://bulkmro.com/media/quotation_attachment2/26086EmailSheet.pdf,NULL,NULL,26086FinalSupQuote.pdf,https://bulkmro.com/media/quotation_attachment4/26086FinalSupQuote.pdf
25963,25963,NULL,NULL,NULL,NULL,NULL,NULL,NULL,NULL,NULL,NULL
25898,25898,25898_Calc_Sheet.xlsx,https://bulkmro.com/media/quotation_attachment/25898_Calc_Sheet.xlsx,25898POSheet.pdf,https://bulkmro.com/media/quotation_attachment1/25898POSheet.pdf,NULL,NULL,25898SupplierQuote.docx,https://bulkmro.com/media/quotation_attachment3/25898SupplierQuote.docx,25898FinalSupQuote.docx,https://bulkmro.com/media/quotation_attachment4/25898FinalSupQuote.docx
25880,25880,25880_Calc_Sheet.xlsx,https://bulkmro.com/media/quotation_attachment/25880_Calc_Sheet.xlsx,25880POSheet.pdf,https://bulkmro.com/media/quotation_attachment1/25880POSheet.pdf,25880EmailSheet.pdf,https://bulkmro.com/media/quotation_attachment2/25880EmailSheet.pdf,25880SupplierQuote.pdf,https://bulkmro.com/media/quotation_attachment3/25880SupplierQuote.pdf,25880FinalSupQuote.pdf,https://bulkmro.com/media/quotation_attachment4/25880FinalSupQuote.pdf
25685,25685,NULL,NULL,NULL,NULL,NULL,NULL,NULL,NULL,NULL,NULL
25626,25626,NULL,NULL,NULL,NULL,NULL,NULL,NULL,NULL,NULL,NULL
25069,25069,25069_Calc_Sheet.xlsx,https://bulkmro.com/media/quotation_attachment/25069_Calc_Sheet.xlsx,25069POSheet.pdf,https://bulkmro.com/media/quotation_attachment1/25069POSheet.pdf,NULL,NULL,25069SupplierQuote.xlsx,https://bulkmro.com/media/quotation_attachment3/25069SupplierQuote.xlsx,25069FinalSupQuote.xlsx,https://bulkmro.com/media/quotation_attachment4/25069FinalSupQuote.xlsx
24023,21381,21381_Calc_Sheet.xlsx,https://bulkmro.com/media/quotation_attachment/21381_Calc_Sheet.xlsx,21381POSheet.pdf,https://bulkmro.com/media/quotation_attachment1/21381POSheet.pdf,NULL,NULL,21381SupplierQuote.pdf,https://bulkmro.com/media/quotation_attachment3/21381SupplierQuote.pdf,21381FinalSupQuote.pdf,https://bulkmro.com/media/quotation_attachment4/21381FinalSupQuote.pdf
24007,21365,21365_Calc_Sheet.xlsx,https://bulkmro.com/media/quotation_attachment/21365_Calc_Sheet.xlsx,21365POSheet.pdf,https://bulkmro.com/media/quotation_attachment1/21365POSheet.pdf,21365EmailSheet.pdf,https://bulkmro.com/media/quotation_attachment2/21365EmailSheet.pdf,21365SupplierQuote.pdf,https://bulkmro.com/media/quotation_attachment3/21365SupplierQuote.pdf,21365FinalSupQuote.pdf,https://bulkmro.com/media/quotation_attachment4/21365FinalSupQuote.pdf
23640,20997,20997_Calc_Sheet.xlsx,https://bulkmro.com/media/quotation_attachment/20997_Calc_Sheet.xlsx,20997POSheet.pdf,https://bulkmro.com/media/quotation_attachment1/20997POSheet.pdf,NULL,NULL,NULL,NULL,20997FinalSupQuote.pdf,https://bulkmro.com/media/quotation_attachment4/20997FinalSupQuote.pdf
23397,20755,20755_Calc_Sheet.xlsx,https://bulkmro.com/media/quotation_attachment/20755_Calc_Sheet.xlsx,20755POSheet.pdf,https://bulkmro.com/media/quotation_attachment1/20755POSheet.pdf,NULL,NULL,20755SupplierQuote.pdf,https://bulkmro.com/media/quotation_attachment3/20755SupplierQuote.pdf,20755FinalSupQuote.pdf,https://bulkmro.com/media/quotation_attachment4/20755FinalSupQuote.pdf
22484,19849,19849_Calc_Sheet.xlsx,https://bulkmro.com/media/quotation_attachment/19849_Calc_Sheet.xlsx,19849POSheet.pdf,https://bulkmro.com/media/quotation_attachment1/19849POSheet.pdf,19849EmailSheet.pdf,https://bulkmro.com/media/quotation_attachment2/19849EmailSheet.pdf,19849SupplierQuote.pdf,https://bulkmro.com/media/quotation_attachment3/19849SupplierQuote.pdf,19849FinalSupQuote.pdf,https://bulkmro.com/media/quotation_attachment4/19849FinalSupQuote.pdf
22441,19806,NULL,NULL,NULL,NULL,NULL,NULL,NULL,NULL,NULL,NULL
22214,19578,19578_Calc_Sheet.xlsx,https://bulkmro.com/media/quotation_attachment/19578_Calc_Sheet.xlsx,18773POSheet.pdf,https://bulkmro.com/media/quotation_attachment1/18773POSheet.pdf,NULL,NULL,19578SupplierQuote.pdf,https://bulkmro.com/media/quotation_attachment3/19578SupplierQuote.pdf,NULL,NULL
21894,19260,19260_Calc_Sheet.xlsx,https://bulkmro.com/media/quotation_attachment/19260_Calc_Sheet.xlsx,19260POSheet.pdf,https://bulkmro.com/media/quotation_attachment1/19260POSheet.pdf,NULL,NULL,19260SupplierQuote.pdf,https://bulkmro.com/media/quotation_attachment3/19260SupplierQuote.pdf,NULL,NULL
21450,18821,18821_Calc_Sheet.xlsx,https://bulkmro.com/media/quotation_attachment/18821_Calc_Sheet.xlsx,18821POSheet.pdf,https://bulkmro.com/media/quotation_attachment1/18821POSheet.pdf,NULL,NULL,18821SupplierQuote.pdf,https://bulkmro.com/media/quotation_attachment3/18821SupplierQuote.pdf,NULL,NULL
21343,18715,18715_Calc_Sheet.xlsx,https://bulkmro.com/media/quotation_attachment/18715_Calc_Sheet.xlsx,18715POSheet.pdf,https://bulkmro.com/media/quotation_attachment1/18715POSheet.pdf,NULL,NULL,17982SupplierQuote.pdf,https://bulkmro.com/media/quotation_attachment3/17982SupplierQuote.pdf,NULL,NULL
21230,18602,18602_Calc_Sheet.xlsx,https://bulkmro.com/media/quotation_attachment/18602_Calc_Sheet.xlsx,18602POSheet.pdf,https://bulkmro.com/media/quotation_attachment1/18602POSheet.pdf,NULL,NULL,18602SupplierQuote.docx,https://bulkmro.com/media/quotation_attachment3/18602SupplierQuote.docx,NULL,NULL
21129,18502,18502_Calc_Sheet.xlsx,https://bulkmro.com/media/quotation_attachment/18502_Calc_Sheet.xlsx,18352POSheet.pdf,https://bulkmro.com/media/quotation_attachment1/18352POSheet.pdf,NULL,NULL,18502SupplierQuote.doc,https://bulkmro.com/media/quotation_attachment3/18502SupplierQuote.doc,18502FinalSupQuote.pdf,https://bulkmro.com/media/quotation_attachment4/18502FinalSupQuote.pdf
20982,18356,18356_Calc_Sheet.xlsx,https://bulkmro.com/media/quotation_attachment/18356_Calc_Sheet.xlsx,18356POSheet.pdf,https://bulkmro.com/media/quotation_attachment1/18356POSheet.pdf,18356EmailSheet.docx,https://bulkmro.com/media/quotation_attachment2/18356EmailSheet.docx,18356SupplierQuote.pdf,https://bulkmro.com/media/quotation_attachment3/18356SupplierQuote.pdf,NULL,NULL
20949,18323,18323_Calc_Sheet.xlsx,https://bulkmro.com/media/quotation_attachment/18323_Calc_Sheet.xlsx,18224POSheet.pdf,https://bulkmro.com/media/quotation_attachment1/18224POSheet.pdf,NULL,NULL,18323SupplierQuote.pdf,https://bulkmro.com/media/quotation_attachment3/18323SupplierQuote.pdf,NULL,NULL
20851,18225,18225_Calc_Sheet.xlsx,https://bulkmro.com/media/quotation_attachment/18225_Calc_Sheet.xlsx,18225POSheet.pdf,https://bulkmro.com/media/quotation_attachment1/18225POSheet.pdf,NULL,NULL,18225SupplierQuote.doc,https://bulkmro.com/media/quotation_attachment3/18225SupplierQuote.doc,NULL,NULL
20523,17898,17898_Calc_Sheet.xlsx,https://bulkmro.com/media/quotation_attachment/17898_Calc_Sheet.xlsx,17898POSheet.pdf,https://bulkmro.com/media/quotation_attachment1/17898POSheet.pdf,NULL,NULL,17898SupplierQuote.pdf,https://bulkmro.com/media/quotation_attachment3/17898SupplierQuote.pdf,NULL,NULL
20054,17432,17432_Calc_Sheet.xlsx,https://bulkmro.com/media/quotation_attachment/17432_Calc_Sheet.xlsx,17432POSheet.pdf,https://bulkmro.com/media/quotation_attachment1/17432POSheet.pdf,NULL,NULL,17432SupplierQuote.xlsx,https://bulkmro.com/media/quotation_attachment3/17432SupplierQuote.xlsx,17432FinalSupQuote.xlsx,https://bulkmro.com/media/quotation_attachment4/17432FinalSupQuote.xlsx
19853,17232,17232_Calc_Sheet.xlsx,https://bulkmro.com/media/quotation_attachment/17232_Calc_Sheet.xlsx,17232POSheet.pdf,https://bulkmro.com/media/quotation_attachment1/17232POSheet.pdf,NULL,NULL,17232SupplierQuote.pdf,https://bulkmro.com/media/quotation_attachment3/17232SupplierQuote.pdf,NULL,NULL
13762,11165,NULL,NULL,NULL,NULL,NULL,NULL,NULL,NULL,NULL,NULL
13450,10852,10852-CalculationSheetnew.xlsx,https://bulkmro.com/media/quotation_attachment/10852-CalculationSheetnew.xlsx,"PO110652 BULK MRO (1).pdf","https://bulkmro.com/media/quotation_attachment1/PO110652 BULK MRO (1).pdf",NULL,NULL,10852SupplierQuote.pdf,https://bulkmro.com/media/quotation_attachment3/10852SupplierQuote.pdf,NULL,NULL
