Sr,Existing Material Name /Description,Make,SKU,New Description,Brand,Category 1,Category 2,Category 3,Cost,HSN,GST,MOQ,UOM,Service,MPN
1,V BELT B-80,Fenner,BM9Z9R3,"FENNER Poly F Plus PB Classical Belt, Pitch Length 2080 mm - B80",Fenner,V-Belts,,,297.891,4010,18%,,NOS,,B80
2,SKF-Bearing-6312-2Z,SKF,BM9Z5A4,"SKF Deep Groove Ball Bearing, Bore Dia 60 mm, Outside Dia 130 mm - 6312-2Z",SKF,Other Bearings,,,1481.7,8482,18%,,Each,,6312-2Z
3,Venus-Nose Mask,Venus,BM9Z1P3,VENUS Nose Mask,Venus,Half Mask Respirators,,,6.72,6307,18%,,Each,,
4,V BELT B-96,Fenner,BM9X7Y1,"FENNER Poly F Plus PB Classical Belt, Pitch Length 2480 mm - B96",Fenner,V-Belts,,,415.701,4010,18%,,NOS,,B96
5,V BELT C-90,Fenner,BM9W2P6,"FENNER Poly F Plus PB Classical Belt, Pitch length 2340 mm - C90",Fenner,V-Belts,,,534.633,4010,18%,,NOS,,C90
6,V BELT B-42,Fenner,BM9U9H5,"FENNER Poly F Plus PB Classical Belt, Pitch Length 1110 mm - B42",Fenner,V-Belts,,,162.129,4010,18%,,NOS,,B42
7,SKF-Bearing-6311-2Z,SKF,BM9U8R9,"SKF Deep Groove Ball Bearing, Bore Dia 55 mm, Outside Dia 120 mm - 6311-2Z",SKF,Other Bearings,,,1265,8482,18%,,Each,,6311-2Z
8,V BELT B-57,Fenner,BM9U3C9,"FENNER Poly F Plus PB Classical Belt, Pitch Length 1490 mm - B57",Fenner,V-Belts,,,205.887,4010,18%,,NOS,,B57
9,V BELT A-42,Fenner,BM9U1D8,"FENNER Poly F Plus PB Classical Belt, Pitch Length 1100 mm - A42",Fenner,V-Belts,,,131.274,4010,18%,,NOS,,A42
10,V BELT B-88,Fenner,BM9U0E7,"FENNER Poly F Plus PB Classical Belt, Pitch Length 2280 mm - B88",Fenner,V-Belts,,,359.04,4010,18%,,NOS,,B88
11,SKF-Bearing-32213 J2/Q,SKF,BM9T1B3,SKF Tapered Roller Bearing - 32213 J2/Q,SKF,Other Bearings,,,1207.14,8482,18%,,Each,,32213 J2/Q
12,SKF-Bearing-6310 2Z,SKF,BM9S6R5,"SKF Deep Groove Ball Bearing, Bore Dia 50 mm, Outside Dia 110 mm - 6310-2Z",SKF,Other Bearings,,,873.84,8482,18%,,Each,,6310-2Z
13,32211 J2/Q-Bearing-32211 J2/Q,SKF,BM9S4Y3,"SKF Tapered Roller Bearing, Bore Dia 55 mm - 32211 j2/Q",SKF,Other Bearings,,,575.52,8482,18%,,Each,,32211 J2/Q
14,V BELT B-58,Fenner,BM9S4P7,"FENNER Poly F Plus PB Classical Belt, Pitch Length 1520 mm - B58",Fenner,V-Belts,,,207.009,4010,18%,,NOS,,B58
15,V BELT B-28,Fenner,BM9R1B4,"FENNER Poly F Plus PB Classical Belt, Pitch Length 750 mm - B28",Fenner,V-Belts,,,133.518,4010,18%,,NOS,,B28
16,V BELT A-41,Fenner,BM9Q2T3,"FENNER Poly F Plus PB Classical Belt, Pitch Length 1070 mm - A41",Fenner,V-Belts,,,128.469,4010,18%,,NOS,,A41
17,V BELT B-73,Fenner,BM9Q2L8,"FENNER Poly F Plus PB Classical Belt, Pitch Length 1900 mm - B73",Fenner,V-Belts,,,278.817,4010,18%,,NOS,,B73
18,V BELT B-35,Fenner,BM9N6E3,"FENNER Poly F Plus PB Classical Belt, Pitch Length 930 mm - B35",Fenner,V-Belts,,,194.106,4010,18%,,NOS,,B35
19,V BELT A-70,Fenner,BM9M7N1,"FENNER Poly F Plus PB Classical Belt, Pitch Length 1810 mm - A70",Fenner,V-Belts,,,202.521,4010,18%,,NOS,,A70
20,V BELT B-41,Fenner,BM9M0A9,"FENNER Poly F Plus PB Classical Belt, Pitch Length 1080 mm - B41",Fenner,V-Belts,,,159.885,4010,18%,,NOS,,B41
21,V BELT A-20,Fenner,BM9L8L5,"FENNER Poly F Plus PB Classical Belt, Pitch Length 540 mm - A20",Fenner,V-Belts,,,89.76,4010,18%,,NOS,,A20
22,V BELT A-22,Fenner,BM9J9H9,"FENNER Poly F Plus PB Classical Belt, Pitch Length 590 mm - A22",Fenner,V-Belts,,,92.004,4010,18%,,NOS,,A22
23,V BELTÂ  A-26,Fenner,BM9B7Y8,"FENNER Poly F Plus PB Classical Belt, Pitch Length 690 mm - A26",Fenner,V-Belts,,,96.492,4010,18%,,NOS,,A26
24,V BELT B-38,Fenner,BM9A0V1,"FENNER Poly F Plus PB Classical Belt, Pitch Length 1010 mm - B38",Fenner,V-Belts,,,150.909,4010,18%,,NOS,,B38
25,V BELT A-62,Fenner,BM0K9H7,"FENNER Poly F Plus PB Classical Belt, Pitch Length 1610 mm - A62",Fenner,V-Belts,,,171.105,4010,18%,,NOS,,A62
26,SKF-Bearing-32210 J2/Q,SKF,BM0A4R9,"SKF Tapered Roller Bearing, Inner Dia 50 mm - 32210 J2/Q",SKF,Other Bearings,,,621.06,8482,18%,,Each,,32210 J2/Q
27,SKF-Bearing-32207 J2/Q,SKF,BM0A4R8,"SKF Tapered Roller Bearing, Inner Dia 35 mm - 32207 J2/Q",SKF,Other Bearings,,,467.28,8482,18%,,Each,,32207 J2/Q
28,32014 X/Q-Bearing-32014 X/Q,SKF,BM0A4R5,"SKF Tapered Roller Bearing, Bore Dia 70 mm - 32014 X/Q",SKF,Other Bearings,,,904.86,8482,18%,,Each,,32014 X/Q
29,32007 X/Q-Bearing-32007 X/Q,SKF,BM0A4Q9,"SKF Tapered Roller Bearing, Inner Dia 35 mm - 32007 X/Q",SKF,Other Bearings,,,359.04,8482,18%,,Each,,32007 X/Q
30,SKF-Bearing-31309 J2/QCLN,SKF,BM0A4Q4,"SKF Tapered Roller Bearing, Bore Dia 45 mm - 31309 J2/QCLN",SKF,Other Bearings,,,850.08,8482,18%,,Each,,31309 J2/QCLN
31,30308 J2/Q-Bearing-30308 J2/Q,SKF,BM0A4Q0,"SKF Tapered Roller Bearing, Bore Dia 40 mm - 30308 J2/Q",SKF,Other Bearings,,,575.52,8482,18%,,Each,,30308 J2/Q
32,SKF-Bearing-30208 J2/Q,SKF,BM0A4P2,"SKF Tapered Roller Bearing, Bore Dia 40 mm - 30208 J2/Q",SKF,Other Bearings,,,555.72,8482,18%,,Each,,30208 J2/Q
33,SKF-Bearing-30207 J2/Q,SKF,BM0A4P1,"SKF Tapered Roller Bearing, Bore Dia 35 mm - 30207 J2/Q",SKF,Other Bearings,,,357.06,8482,18%,,Each,,30207 J2/Q
34,SKF-Bearing-30205 J23/Q,SKF,BM0A4O9,"SKF Tapered Roller Bearing, Inside Dia 25 mm, Outside Dia 52 mm - 30205 J2/Q",SKF,Other Bearings,,,247.5,8482,18%,,Each,,30205 J2/Q
35,SKF-Bearing-30204 J2/Q,SKF,BM0A4O8,"SKF Tapered Roller Bearing, Bore Dia 20 mm - 30204 J2/Q",SKF,Other Bearings,,,232.32,8482,18%,,Each,,30204 J2/Q
36,SKF-Bearing-30203 J2/Q,SKF,BM0A4O7,"SKF Tapered Roller Bearing, Bore Dia 17 mm - 30203 J2/Q",SKF,Other Bearings,,,208.56,8482,18%,,Each,,30203 J2/Q
37,SKF-Bearing-6306 2Z,SKF,BM0A4M2,"SKF Deep Groove Ball Bearing, Bore Dia 30 mm - 6306-2Z",SKF,Other Bearings,,,314.16,8482,18%,,Each,,6306-2Z
38,SKF-Bearing-6305 2Z,SKF,BM0A4L0,"SKF Deep Groove Ball Bearing, Bore Dia 25 mm - 6305-2Z",SKF,Other Bearings,,,232.32,8482,18%,,Each,,6305-2Z
39,SKF-Bearing-6304 2Z,SKF,BM0A4J9,"SKF Deep Groove Ball Bearing, Bore Dia 20 mm - 6304-2Z",SKF,Other Bearings,,,161.04,8482,18%,,Each,,6304-2Z
40,SKF-Bearing-6303 2Z,SKF,BM0A4I6,"SKF Deep Groove Ball Bearing, Bore Dia 17 mm - 6303-2Z",SKF,Other Bearings,,,182.82,8482,18%,,Each,,6303-2Z
41,SKF-Bearing-6203 2Z,SKF,BM0A4H3,"SKF Deep Groove Ball Bearing, Bore Dia 17 mm - 6203-2Z",SKF,Other Bearings,,,114.18,8482,18%,,Each,,6203-2Z
42,SKF-Bearing-6202-2Z,SKF,BM0A4G1,"SKF Deep Groove Ball Bearing, Bore Dia 15 mm - 6202-2Z",SKF,Other Bearings,,,91.74,8482,18%,,Each,,6202-2Z
43,SKF-Bearing-6201 2Z,SKF,BM0A4E9,"SKF Deep Groove Ball Bearing, Bore Dia 12 mm - 6201-2Z",SKF,Other Bearings,,,83.16,8482,18%,,Each,,6201-2Z
44,SKF-Bearing-6200 2Z,SKF,BM0A4D8,"SKF Deep Groove Ball Bearing, Bore Dia 10 mm - 6200-2Z",SKF,Other Bearings,,,100.98,8482,18%,,Each,,6200-2Z
45,SKF-Bearing-6301 2Z,SKF,BM0A4A3,"SKF Deep Groove Ball Bearing, Bore Dia 12 mm - 6301-2Z",SKF,Other Bearings,,,83.82,8482,18%,,Each,,6301-2Z
46,SKF-Bearing-628 ZZ,SKF,BM0A3Y1,"SKF Deep Groove Ball Bearing, Bore Dia 8 mm - 628-2Z",SKF,Other Bearings,,,89.1,8482,18%,,Each,,628-2Z
47,SKF-Bearing-6212 ZZ,SKF,BM0A3X4,"SKF Deep Groove Ball Bearing, Bore Dia 60 mm - 6212-2Z",SKF,Other Bearings,,,704.88,8482,18%,,Each,,6212-2Z
48,SKF-Bearing-6007 2Z,SKF,BM0A3V8,"SKF Deep Groove Ball Bearing, Bore Dia 35 mm - 6007-2Z",SKF,Other Bearings,,,244.2,8482,18%,,Each,,6007-2Z
49,SKF-Bearing-6006 2Z,SKF,BM0A3V0,"SKF Deep Groove Ball Bearing, Bore Dia 30 mm - 6006-2Z",SKF,Other Bearings,,,210.54,8482,18%,,Each,,6006-2Z
50,SKF-Bearing-6005 2Z,SKF,BM0A3U3,"SKF Deep Groove Ball Bearing, Bore Dia 25 mm - 6005-2Z",SKF,Other Bearings,,,162.36,8482,18%,,Each,,6005-2Z
51,SKF-Bearing-6004 2Z,SKF,BM0A3T3,"SKF Deep Groove Ball Bearing, Bore Dia 20 mm - 6004-2Z",SKF,Other Bearings,,,146.52,8482,18%,,Each,,6004-2Z
52,SKF-Bearing-580/572/Q,SKF,BM0A3Q7,"SKF Tapered Roller Bearing, Bore Dia 82.55 mm - 580/572/Q",SKF,Other Bearings,,,1098.24,8482,18%,,Each,,580/572/Q
53,SKF-Bearing-6211-2Z,SKF,BM0A3Q1,"SKF Deep Groove Ball Bearing, Bore Dia 55 mm - 6211-2Z",SKF,Other Bearings,,,595.98,8482,18%,,Each,,6211-2Z
54,SKF-Bearing-6210 2Z,SKF,BM0A3P4,"SKF Deep Groove Ball Bearing, Bore Dia 50 mm - 6210-2Z",SKF,Other Bearings,,,467.28,8482,18%,,Each,,6210-2Z
55,SKF-Bearing-6209 2Z,SKF,BM0A3O4,"SKF Deep Groove Ball Bearing, Bore Dia 45 mm - 6209-2Z",SKF,Other Bearings,,,442.2,8482,18%,,Each,,6209-2Z
56,SKF-Bearing-6208 2Z,SKF,BM0A3N6,"SKF Deep Groove Ball Bearing, Bore Dia 40 mm - 6208-2Z",SKF,Other Bearings,,,368.94,8482,18%,,Each,,6208-2Z
57,SKF-Bearing-6207 2Z,SKF,BM0A3M3,"SKF Deep Groove Ball Bearing, Bore Dia 35 mm - 6207-2Z",SKF,Other Bearings,,,308.22,8482,18%,,Each,,6207-2Z
58,SKF-Bearing-6003 2Z,SKF,BM0A3L6,"SKF Deep Groove Ball Bearing, Bore Dia 17 mm - 6003-2Z",SKF,Other Bearings,,,132.66,8482,18%,,Each,,6003-2Z
59,6002-2Z-Bearing-6002-2Z,SKF,BM0A3K7,"SKF Deep Groove Ball Bearing, Bore Dia 15 mm - 6002-2Z",SKF,Other Bearings,,,118.14,8482,18%,,Each,,6002-2Z
60,SKF-Bearing-6001-2Z,SKF,BM0A3J9,"SKF Deep Groove Ball Bearing, Bore Dia 12 mm - 6001-2Z",SKF,Other Bearings,,,98.34,8482,18%,,Each,,6001-2Z
61,SKF-Bearing-6000,SKF,BM0A3I3,"SKF Deep Groove Ball Bearing, Bore Dia 10 mm - 6000",SKF,Other Bearings,,,88.44,8482,18%,,Each,,6000
62,SKF-Bearing-6310 N,SKF,BM0A3G9,"SKF Deep Groove Ball Bearing, Bore Dia 50 mm - 6310 N",SKF,Other Bearings,,,819.06,8482,18%,,Each,,6310 N
63,SKF-Bearing-6309 2Z,SKF,BM0A3G5,"SKF Deep Groove Ball Bearing, Bore Dia 45 mm - 6309-2Z",SKF,Other Bearings,,,862.84,8482,18%,,Each,,6309-2Z
64,SKF-Bearing-6308 2Z,SKF,BM0A3F0,"SKF Deep Groove Ball Bearing, Bore Dia 40 mm - 6308-2Z",SKF,Other Bearings,,,539.88,8482,18%,,Each,,6308-2Z
65,SKF-Bearing-6307 2Z,SKF,BM0A3D7,"SKF Deep Groove Ball Bearing, Bore Dia 35 mm - 6307-2Z",SKF,Other Bearings,,,363,8482,18%,,Each,,6307-2Z
66,SKF-Bearing-6206 2Z,SKF,BM0A3B9,"SKF Deep Groove Ball Bearing, Bore Dia 30 mm - 6206-2Z",SKF,Other Bearings,,,314.16,8482,18%,,Each,,6206-2Z
67,SKF-Bearing-6205 2Z,SKF,BM0A3A5,"SKF Deep Groove Ball Bearing, Bore Dia 25 mm - 6205-2Z",SKF,Other Bearings,,,211.86,8482,18%,,Each,,6205-2Z
68,SKF-Bearing-6205-2RS1,SKF,BM0A2Z9,"SKF Deep Groove Ball Bearing, Bore Dia 25 mm - 6205-2RS1",SKF,Other Bearings,,,230.34,8482,18%,,Each,,6205-2RS1
69,SKF-Bearing-6204 2Z,SKF,BM0A2Z1,"SKF Deep Groove Ball Bearing, Bore Dia 20 mm - 6204-2Z",SKF,Other Bearings,,,160.38,8482,18%,,Each,,6204-2Z
70,SKF-Bearing-6313 2Z,SKF,BM9F8M9,"SKF Deep Groove Ball Bearing, Inside Dia 65 mm - 6313-2Z",SKF,Other Bearings,,,1688.28,8482,18%,,Each,,6313-2Z
71,SKF-Bearing-6313/C3,SKF,BM9X0P3,"SKF Deep Groove Ball Bearing, Inner Dia 65 mm, Outer Dia 140 mm - 6313/C3",SKF,Other Bearings,,,1618.32,8482,18%,,Each,,6313/C3
72,SKF-Bearing-32214 J2/Q,SKF,BM9F3L0,"SKF Tapered Roller Bearing, Inside Dia 70 mm, Outside Dia 125 mm, Width 3.25 mm - 32214 J2/Q",SKF,Other Bearings,,,1158.96,8482,18%,,Each,,32214 J2/Q
73,SKF-Bearing-32217 J2/Q,SKF,BM9R8Y7,"SKF Tapered Roller Bearing, Inside Dia 85 mm, Outside Dia 150 mm, Width 38.5 mm - 32217 J2/Q",SKF,Other Bearings,,,2115.96,8482,18%,,Each,,32217 J2/Q
74,SKF-Bearing-566/563/Q,SKF,BM9H6Y1,"SKF Imperial Taper Roller Bearing, Inside Dia 76.2 mm, Outside Dia 127 mm, Width 36.512 mm - 566/563/Q",SKF,Other Bearings,,,1007.16,8482,18%,,Each,,566/563/Q
75,539/532 X-Bearing-539/532 X,SKF,BM9D0T8,"SKF Single Row Tapered Roller Bearing, Inside Dia 53.98 mm, Outside Dia 107.95 mm - 539/532 X",SKF,Other Bearings,,,795.96,8482,18%,,Each,,539/532 X
76,32212 J2/Q-Bearing-32212 J2/Q,SKF,BM9R0X7,"SKF Tapered Roller Bearing, Inside Dia 60 mm, Outside Dia 110 mm, Width 29.75 mm - 32212 J2/Q",SKF,Other Bearings,,,989.34,8482,18%,,Each,,32212 J2/Q
77,ZKL-Bearing-51106A,ZKL,BM9N1W0,"ZKL Single Direction Thurst Ball Bearing, Inner Dia 30 Mm, Outer Dia 47 Mm - 51106A",ZKL,Other Bearings,,,238.37,8482,18%,,Each,,51106A
78,ZKL-Bearing-30230,ZKL,BM9Y5G5,ZKL Taper Roller Bearing - 30230,ZKL,Other Bearings,,,8463.95,8482,18%,,Each,,30230
79,ZKL-Bearing-30228,ZKL,BM9I1Q9,"ZKL Single Row Tapered Roller Bearing, Inner Dia 140 Mm, Outer Dia 250 Mm - 30228",ZKL,Other Bearings,,,7858.95,8482,18%,,Each,,30228
80,ZKL-Bearing-22212EW33J C3 NF,ZKL,BM9F2G0,"ZKL Double Row Spherical Roller Bearing, Inner Dia 60 Mm, Outer Dia 110 Mm - 22212EW33J C3 NF",ZKL,Spherical Bearings,,,2728.55,8482,18%,,Each,,22212EW33J C3 NF
81,ZKL-Bearing-22213EW33J C3 NF,ZKL,BM9O0R6,"ZKL Double Row Spherical Roller Bearing, Inner Dia 65 Mm, Outer Dia 120 Mm - 22213EW33J C3 NF",ZKL,Spherical Bearings,,,2879.8,8482,18%,,Each,,22213EW33J C3 NF
82,ZKL-Bearing-31308,ZKL,BM9S7M3,"ZKL Single Row Tapered Roller Bearing, Inner Dia 40 Mm, Outer Dia 90 Mm - 31308",ZKL,Other Bearings,,,701.8,8482,18%,,Each,,31308
83,ZKL-Bearing-6326,ZKL,BM9S1D0,ZKL Single Row Deep Groove Ball Bearing - 6326,ZKL,Other Bearings,,,19958.95,8482,18%,,Each,,6326
84,ZKL-Bearing-32217,ZKL,BM9I3L5,"ZKL Single Row Tapered Roller Bearing, Outer Dia 150 mm - 32217",ZKL,Other Bearings,,,1718.2,8482,18%,,Each,,32217
85,ZKL-Bearing-NJ310 C3,ZKL,BM9W1C8,"ZKl Single Row Cylindrical Roller Bearing, Inner Dia 50 Mm, Outer Dia 110 Mm - NJ310 C3",ZKL,Cylindrical Roller Bearings,,,1747.845,8482,18%,,Each,,NJ310 C3
86,ZKL-Bearing-NJ-311,ZKL,BM9W8N8,ZKL Single Row Cylindrical Roller Bearing - NJ 311,ZKL,Cylindrical Roller Bearings,,,2094.51,8482,18%,,Each,,NJ 311
87,ZKL-Bearing-NJ-309,ZKL,BM9U4N1,ZKL Single Row Cylindrical Roller Bearing - NJ 309,ZKL,Cylindrical Roller Bearings,,,1439.9,8482,18%,,Each,,NJ 309
88,ZKL-Bearing-1209K,ZKL,BM9W4P3,"ZKL Double Row Self-Aligning Ball Bearing, Inside Dia 45 mm, Outside Dia 85 mm - 1209K",ZKL,Other Bearings,,,486.42,8482,18%,,Each,,1209K
89,ZKL-Bearing-51109,ZKL,BM9V6E3,"ZKL Single Direction Thrust Ball Bearing, Inner Dia 45 Mm, Outer Dia 65 Mm - 51109",ZKL,Other Bearings,,,338.8,8482,18%,,Each,,51109
90,ZKL-Bearing-32218,ZKL,BM9A5A9U,"ZKL Single Row Tapered Roller Bearing, Outer Dia 160 mm - 32218",ZKL,Other Bearings,,,2104.19,8482,18%,,Each,,32218
91,ZKL-Bearing-22312EW33J NF,ZKL,BM9F9O4,"ZKL Double Row Spherical Roller Bearing, Inner Dia 60 Mm, Outer Dia 130 Mm - 22312EW33J NF",ZKL,Spherical Bearings,,,3448.5,8482,18%,,Each,,22312EW33J NF
92,ZKL-Bearing-22224 EW33J,ZKL,BM9O6N2,ZKL Spherical Roller Bearing - 22224 EW33J,ZKL,Spherical Bearings,,,9450.1,8482,18%,,Each,,22224 EW33J
93,ZKL-Bearing-51210,ZKL,BM9O2Z4,"ZKL Single Direction Thrust Ball Bearing, Inner Dia 50 Mm, Outer Dia 78 Mm - 51210",ZKL,Other Bearings,,,497.31,8482,18%,,Each,,51210
94,ZKL-Bearing-51330,ZKL,BM9H0D5,"ZKL Single Direction Thurst Ball Bearing, Outer Dia 250 mm - 51330",ZKL,Other Bearings,,,36505.7,8482,18%,,Each,,51330
95,ZKL-Bearing-32215,ZKL,BM9N0L7,"ZKL Tapered Roller Bearing, Outer Dia 130 mm - 32215",ZKL,Other Bearings,,,1392.71,8482,18%,,Each,,32215
96,ZKL-Bearing-32224,ZKL,BM9S3H4,"ZKL Tapered Roller Bearing, Inside Dia -120 mm, Outside Dia 135 mm - 32224",ZKL,Other Bearings,,,8530.5,8482,18%,,Each,,32224
97,ZKL-Bearing-32226,ZKL,BM9P8E4,"ZKL Single Row Tapered Roller Bearing, Inner Dia 130, Outer Dia 230 Mm - 32226",ZKL,Other Bearings,,,11011,8482,18%,,Each,,32226
98,ZKL-Bearing-32236,ZKL,BM9R3O4,"ZKL Single Row Tapered Roller Bearing, Inner Dia 180, Outer Dia 320 Mm - 32236",ZKL,Other Bearings,,,27430.7,8482,18%,,Each,,32236
99,ZKL-Bearing-32040AX,ZKL,BM9N4R6X,ZKL Taper Roller Bearing - 32040 AX,ZKL,Other Bearings,,,19904.5,8482,18%,,Each,,32040 AX
100,ZKL-Bearing-6230,ZKL,BM9J0G6,"ZKL Single Row Deep Groove Ball Bearing, Inner Dia 150 Mm, Outer Dia 270 Mm - 6230",ZKL,Other Bearings,,,9438,8482,18%,,Each,,6230
101,ZKL-Bearing-3212 NF,ZKL,BM9A6C9,ZKL Double Row Angular Contact Ball Bearing - 3212 NF,ZKL,Angular Contact Bearings,,,1755.71,8482,18%,,Each,,3212 NF
102,"ZKL-Bearing-22210EKW33J C3, 22210EKW33J",ZKL,BM9I8J0,ZKL Self Aligning Ball Bearing - 22210EKW33J C3,ZKL,Other Bearings,,,2170.74,8482,18%,,Each,,22210EKW33J C3
103,ZKL-Bearing-6308-2Z,ZKL,BM9E2R2,"ZKL Deep Groove Ball Bearing, Bore Dia 40 mm - 6308-2Z",ZKL,Other Bearings,,,435.6,8482,18%,,Each,,6308-2Z
104,ZKL-Bearing-6212-2Z,ZKL,BM9Y2Q9,"ZKL Deep Groove Ball Bearing, Bore Dia 60 mm - 6212-2Z",ZKL,Other Bearings,,,681.23,8482,18%,,Each,,6212-2Z
105,ZKL-Bearing-6010-2Z,ZKL,BM9N5W4,"ZKL Deep Groove Ball Bearing, Bore Dia 50 mm - 6010-2Z",ZKL,Other Bearings,,,278.3,8482,18%,,Each,,6010-2Z
106,ZKL-Bearing-51216,ZKL,BM9Y6Y0,"ZKL Single Direction Thurst Ball Bearing, Outer Dia 115 mm - 51216",ZKL,Other Bearings,,,1131.35,8482,18%,,Each,,51216
107,ZKL-Bearing-23238CW33J,ZKL,BM9Y0G2,"ZKL Double Row Spherical Roller Bearing, Inner Dia 190 Mm, Outer Dia 340 Mm - 23238CW33J",ZKL,Spherical Bearings,,,44367.07,8482,18%,,Each,,23238CW33J
108,ZKL-Bearing-32304A,ZKL,BM9Q2N6,"ZKL Single Row Tapered Roller Bearing, Inner Dia 20 Mm, Outer Dia 52 Mm - 32304A",ZKL,Other Bearings,,,338.8,8482,18%,,Each,,32304A
109,ZKL-Bearing-16022,ZKL,BM9W3B4,"ZKL Single Row Deep Groove Ball Bearing, Inner Dia 110 Mm, Outer Dia 170 Mm - 16022",ZKL,Other Bearings,,,2559.15,8482,18%,,Each,,16022
110,ZKL-Bearing-7210AA,ZKL,BM9R7G0,ZKL Single Row Angular Contact Ball Bearing - 7210 AA,ZKL,Angular Contact Bearings,,,738.1,8482,18%,,Each,,7210 AA
111,ZKL-Bearing-23220CW33J,ZKL,BM9P3V8D,"ZKL Double Row Spherical Roller Bearing, Inner Dia 100 Mm, Outer Dia 180 Mm - 23220CW33J",ZKL,Spherical Bearings,,,7770.62,8482,18%,,Each,,23220CW33J
112,ZKL-Bearing-NJ2212,ZKL,BM9T4D4,"ZKL Single Row Cylindrical Roller Bearing, Inner Dia 60 Mm, Outer Dia 100 Mm - NJ2212",ZKL,Cylindrical Roller Bearings,,,1923.9,8482,18%,,Each,,NJ2212
113,ZKL-Bearing- 32220A,ZKL,BM9F0V0,"ZKL Single Row Tapered Roller Bearing, Inner Dia 100 Mm, Outer Dia 180 Mm - 32220A",ZKL,Other Bearings,,,3859.9,8482,18%,,Each,, 32220A
114,ZKL-Bearing-1213K C3 NF,ZKL,BM9W6R4,ZKL Self Aligning Ball Bearing - 1213 K C3 NF,ZKL,Other Bearings,,,1040.6,8482,18%,,Each,,1213 K C3 NF
115,NTN-Bearing-NN3022KC1NAP4,NTN,BM9J7C6,"NTN Double Row Cylindrical Roller Bearing, Bore 110 mm - NN3022KC1NAP4",NTN,Cylindrical Roller Bearings,,,22975.788,8482,18%,,Each,,NN3022KC1NAP4
116,NTN-Bearing-NN3020HSKC1NAP4,NTN,BM9V2H7,NTN Precision Cylindrical Roller Bearing - NN3020HSKC1NAP4,NTN,Cylindrical Roller Bearings,,,18450.102,8482,18%,,Each,,NN3020HSKC1NAP4
117,NTN-Bearing-NU 2222,NTN,BM9F9N8,"NTN Cylindrical Roller Bearing, Outer Dia 200 mm - NU2222",NTN,Cylindrical Roller Bearings,,,17125.878,8482,18%,,Each,,NU2222
118,NTN-Bearing-NJ 2222,NTN,BM9I9B4,"NTN Cylindrical Roller Bearing, Inside Dia 110 mm, Outside Dia 200 mm - NJ2222",NTN,Cylindrical Roller Bearings,,,17002.359,8482,18%,,Each,,NJ2222
119,NTN-Bearing-NU 2218,NTN,BM9S4V0,"NTN Cylindrical Roller Bearing, Outer Dia 160 mm - NU2218",NTN,Cylindrical Roller Bearings,,,6117.639,8482,18%,,Each,,NU2218
120,NTN-Bearing-NU 2220,NTN,BM9O2S3,"NTN Cylindrical Roller Bearing, Outer Dia 180 mm - NU2220",NTN,Cylindrical Roller Bearings,,,12816.507,8482,18%,,Each,,NU2220
121,NTN-Bearing-NU 2234,NTN,BM9W9O3,"NTN Cylindrical Roller Bearing, Outer Dia 310 mm - NU2234",NTN,Cylindrical Roller Bearings,,,60274.137,8482,18%,,Each,,NU2234
122,NTN-Bearing-33112,NTN,BM9H6Z6,"NTN Tapered Roller Bearing, Bore 60 mm, Outer Dia 100 mm - 33112",NTN,Other Bearings,,,1475.958,8482,18%,,Each,,33112
123,V BELT B-74,Fenner,BM9I8N1,"FENNER Poly F Plus PB Classical Belt, Pitch Length 1920 mm - B74",Fenner,V-Belts,,,281.622,4010,18%,,NOS,,B74
124,V BELT B-72,Fenner,BM9U9Y6,"FENNER Poly F Plus PB Classical Belt, Pitch Length 1870 mm - B72",Fenner,V-Belts,,,273.207,4010,18%,,NOS,,B72
125,V BELT C-72,Fenner,BM9S3N6,"FENNER Poly F Plus PB Classical Belt, Pitch Length 1880 mm - C72",Fenner,V-Belts,,,410.091,4010,18%,,NOS,,C72
126,V BELT C-116,Fenner,BM9Y7W4,"FENNER Poly F Plus PB Classical Belt, Pitch Length 3000 mm - C116",Fenner,V-Belts,,,780.912,4010,18%,,NOS,,C116
127,V BELT C-114,Fenner,BM9O3O7,"FENNER Poly F Plus PB Classical Belt, Pitch Length 2950 mm - C114",Fenner,V-Belts,,,773.619,4010,18%,,NOS,,C114
128,V BELT B-75,Fenner,BM9D0T2,"FENNER Poly F Plus PB Classical Belt, Pitch Length 1950 mm - B75",Fenner,V-Belts,,,283.305,4010,18%,,NOS,,B75
129,V BELT C-175,Fenner,BM9Y8B2,"FENNER Poly F Plus PB Classical Belt, Pitch Length 4500 mm - C175",Fenner,V-Belts,,,1031.679,4010,18%,,NOS,,C175
130,V BELT B-87,Fenner,BM9I0V8,"FENNER Poly F Plus PB Classical Belt, Pitch Length 2250 mm - B87",Fenner,V-Belts,,,356.235,4010,18%,,NOS,,B87
131,V BELT B-44,Fenner,BM9P7Z8,"FENNER Poly F Plus PB Classical Belt, Pitch Length 1160 mm - B44",Fenner,V-Belts,,,165.495,4010,18%,,NOS,,B44
132,V BELT B-54,Fenner,BM9X1R0,"FENNER Poly F Plus PB Classical Belt, Pitch Length 1410 mm - B54",Fenner,V-Belts,,,196.35,4010,18%,,NOS,,B54
133,V BELT B-76,Fenner,BM9G0Z9,"FENNER Poly F Plus PB Classical Belt, Pitch Length 1970 mm - B76",Fenner,V-Belts,,,284.427,4010,18%,,NOS,,B76
134,V BELT B-82,Fenner,BM9Q6L6,"FENNER Poly F Plus PB Classical Belt, Pitch Length 2130 mm - B82",Fenner,V-Belts,,,312.477,4010,18%,,NOS,,B82
135,V BELT B-95,Fenner,BM9D4A0,"FENNER Poly F Plus PB Classical Belt, Pitch Length 2460 mm - B95",Fenner,V-Belts,,,413.457,4010,18%,,NOS,,B95
136,V BELT C-102,Fenner,BM9S8Z6,"FENNER Poly F Plus PB Classical Belt, Pitch Length 2650 mm - C102",Fenner,V-Belts,,,671.517,4010,18%,,NOS,,C102
137,V BELT B-112,Fenner,BM9Z8Y9,"FENNER Poly F Plus PB Classical Belt, Pitch Length 2890 mm - B112",Fenner,V-Belts,,,490.875,4010,18%,,NOS,,B112
138,V BELT B-32,Fenner,BM9T0A1,"FENNER Poly F Plus PB Classical Belt, Pitch Length 860 mm - B32",Fenner,V-Belts,,,145.299,4010,18%,,NOS,,B32
139,V BELT B-46,Fenner,BM9W6Q5,"FENNER Poly F Plus PB Classical Belt, Pitch Length 1210 mm - B46",Fenner,V-Belts,,,175.032,4010,18%,,NOS,,B46
140,V BELT A-39,Fenner,BM9X0S3,"FENNER Poly F Plus PB Classical Belt, Pitch Length 1020 mm - A39",Fenner,V-Belts,,,125.664,4010,18%,,NOS,,A39
141,V BELT A-40,Fenner,BM9J3P0,"FENNER Poly F Plus PB Classical Belt, Pitch Length 1050 mm - A40",Fenner,V-Belts,,,127.908,4010,18%,,NOS,,A40
142,V BELT C-98,Fenner,BM9T1S4,"FENNER Poly F Plus PB Classical Belt, Pitch Length 2550 mm - C98",Fenner,V-Belts,,,633.369,4010,18%,,NOS,,C98
143,V BELT C-100,Fenner,BM9G0V6,"FENNER Poly F Plus PB Classical Belt, Pitch Length 2600 mm - C100",Fenner,V-Belts,,,650.76,4010,18%,,NOS,,C100
144,V BELT C-150,Fenner,BM9Z0N4,"FENNER Poly F Plus PB Classical Belt, Pitch Length 3870 mm - C150",Fenner,V-Belts,,,952.578,4010,18%,,NOS,,C150
145,V BELT B 101,Fenner,BM9O0G8,"FENNER Poly F Plus PB Classical Belt, Pitch Length 2610 mm - B101",Fenner,V-Belts,,,437.019,4010,18%,,NOS,,B101
146,V BELT C-105,Fenner,BM9M0T9,"FENNER Poly F Plus PB Classical Belt, Pitch Length 2720 mm - C105",Fenner,V-Belts,,,698.445,4010,18%,,NOS,,C105
147,V BELT C-85,Fenner,BM9N3C0,"FENNER Poly F Plus PB Classical Belt, Pitch Length 2220 mm - C85",Fenner,V-Belts,,,486.948,4010,18%,,NOS,,C85
148,V BELT C-79,Fenner,BM9U0L4,"FENNER Poly F Plus PB Classical Belt, Pitch Length 2060 mm - C79",Fenner,V-Belts,,,447.117,4010,18%,,NOS,,C79
149,V BELT B-67,Fenner,BM9Y8T0,"FENNER Poly F Plus PB Classical Belt, Pitch Length 1740 mm - B67",Fenner,V-Belts,,,260.304,4010,18%,,NOS,,B67
150,V BELT B-63,Fenner,BM9P6P2,"FENNER Poly F Plus PB Classical Belt, Pitch Length 1640 mm - B63",Fenner,V-Belts,,,219.351,4010,18%,,NOS,,B63
151,V BELT C-66,Fenner,BM9T7S3,"FENNER Poly F Plus PB Classical Belt, Pitch Length 1730 mm - C66",Fenner,V-Belts,,,387.09,4010,18%,,NOS,,C66
152,V BELT B-98,Fenner,BM9J0T1,"FENNER Poly F Plus PB Classical Belt, Pitch Length 2530 mm - B98",Fenner,V-Belts,,,425.238,4010,18%,,NOS,,B98
153,V BELT C- 67,Fenner,BM9E3W8,"FENNER Poly F Plus PB Classical Belt, Pitch Length 1760 mm - C67",Fenner,V-Belts,,,390.456,4010,18%,,NOS,,C67
154,V BELT C-86,Fenner,BM9X4I4,"FENNER Poly F Plus PB Classical Belt, Pitch Length 2240 mm - C86",Fenner,V-Belts,,,494.241,4010,18%,,NOS,,C86
155,V BELT B-59,Fenner,BM9P6R5,"FENNER Poly F Plus PB Classical Belt, Pitch Length 1540 mm - B59",Fenner,V-Belts,,,210.936,4010,18%,,NOS,,B59
156,V BELT B-97,Fenner,BM9L2F1,"FENNER Poly F Plus PB Classical Belt, Pitch Length 2510 mm - B97",Fenner,V-Belts,,,421.872,4010,18%,,NOS,,B97
157,V BELT B-51,Fenner,BM9R1B5,"FENNER Poly F Plus PB Classical Belt, Pitch Length 1340 mm - B51",Fenner,V-Belts,,,189.618,4010,18%,,NOS,,B51
158,V BELT C-58,Fenner,BM9W4D0,"FENNER Poly F Plus PB Classical Belt, Pitch Length 1530 mm - C58",Fenner,V-Belts,,,321.453,4010,18%,,NOS,,C58
159,V BELT C-132,Fenner,BM9C4O4,"FENNER Poly F Plus PB Classical Belt, Pitch Length 3410 mm - C132",Fenner,V-Belts,,,186.813,4010,18%,,NOS,,C132
160,V BELT C-122,Fenner,BM9O5D6,"FENNER Poly F Plus PB Classical Belt, Pitch Length 3150 mm - C122",Fenner,V-Belts,,,793.254,4010,18%,,NOS,,C122
161,V BELT C-62,Fenner,BM9Y5X0,"FENNER Poly F Plus PB Classical Belt, Pitch Length 1630 mm - C62",Fenner,V-Belts,,,341.088,4010,18%,,NOS,,C62
162,V BELT B-40,Fenner,BM9B1N0,"FENNER Poly F Plus PB Classical Belt, Pitch Length 1060 mm - B40",Fenner,V-Belts,,,154.836,4010,18%,,NOS,,B40
163,V BELT C-136,Fenner,BM9E0I2,"FENNER Poly F Plus PB Classical Belt, Pitch Length 3510 mm - C136",Fenner,V-Belts,,,894.234,4010,18%,,NOS,,C136
164,V BELT B-120,Fenner,BM9P7I3,"FENNER Poly F Plus PB Classical Belt, Pitch Length 3090 mm - B120",Fenner,V-Belts,,,529.023,4010,18%,,NOS,,B120
165,V BELT B-85,Fenner,BM9S8J0,"FENNER Poly F Plus PB Classical Belt, Pitch Length 2200 mm - B85",Fenner,V-Belts,,,324.258,4010,18%,,NOS,,B85
166,V BELT C-145,Fenner,BM9H0I8,"FENNER Poly F Plus PB Classical Belt, Pitch Length 3740 mm - C145",Fenner,V-Belts,,,939.675,4010,18%,,NOS,,C145
167,V BELT B-60,Fenner,BM9O4L5,"FENNER Poly F Plus PB Classical Belt, Pitch Length 1570 mm - B60",Fenner,V-Belts,,,213.18,4010,18%,,NOS,,B60
168,V BELT B-61,Fenner,BM9T4L8,"FENNER Poly F Plus PB Classical Belt, Pitch Length 1590 mm - B61",Fenner,V-Belts,,,215.424,4010,18%,,NOS,,B61
169,V BELT B-62,Fenner,BM9R8D8,"FENNER Poly F Plus PB Classical Belt, Pitch Length 1620 mm - B62",Fenner,V-Belts,,,217.668,4010,18%,,NOS,,B62
170,V BELT B-65,Fenner,BM9T2F6,"FENNER Poly F Plus PB Classical Belt, Pitch Length 1690 mm - B65",Fenner,V-Belts,,,240.669,4010,18%,,NOS,,B65
171,V BELT A-48,Fenner,BM9X7D8,"FENNER Poly F Plus PB Classical Belt, Pitch Length 1250 mm - A48",Fenner,V-Belts,,,145.299,4010,18%,,NOS,,A48
172,V BELT C-140,Fenner,BM9D9O2,"FENNER Poly F Plus PB Classical Belt, Pitch Length 3610 mm - C140",Fenner,V-Belts,,,918.357,4010,18%,,NOS,,C140
173,V BELT C-104,Fenner,BM9R0M4,"FENNER Poly F Plus PB Classical Belt, Pitch Length 2700 mm - C104",Fenner,V-Belts,,,688.347,4010,18%,,NOS,,C104
174,V BELT A-35,Fenner,BM9K0V1,"FENNER Poly F Plus PB Classical Belt, Pitch Length 920 mm - A35",Fenner,V-Belts,,,117.81,4010,18%,,NOS,,A35
175,V BELT C-142,Fenner,BM9V8N8,"FENNER Poly F Plus PB Classical Belt, Pitch Length 3660 mm - C142",Fenner,V-Belts,,,929.577,4010,18%,,NOS,,C142
176,V BELT B-68,Fenner,BM9O7H2,"FENNER Poly F Plus PB Classical Belt, Pitch Length 1770 mm - B68",Fenner,V-Belts,,,260.865,4010,18%,,NOS,,B68
177,V BELT B-83,Fenner,BM9M0R1,"FENNER Poly F Plus PB Classical Belt, Pitch Length 2150 mm - B83",Fenner,V-Belts,,,317.526,4010,18%,,NOS,,B83
178,V BELT B-69,Fenner,BM9I4N9,"FENNER Poly F Plus PB Classical Belt, Pitch Length 1800 mm - B69",Fenner,V-Belts,,,264.231,4010,18%,,NOS,,B69
179,V BELT B-104,Fenner,BM9X0D6,"FENNER Poly F Plus PB Classical Belt, Pitch Length 2680 mm - B104",Fenner,V-Belts,,,446.556,4010,18%,,NOS,,B104
180,V BELT C-134,Fenner,BM9Q4M9,"FENNER Poly F Plus PB Classical Belt, Pitch Length 3460 mm - C134",Fenner,V-Belts,,,877.404,4010,18%,,NOS,,C134
181,V BELT B-102,Fenner,BM9Z7G3,"FENNER Poly F Plus PB Classical Belt, Pitch Length 2630 mm - B102",Fenner,V-Belts,,,439.263,4010,18%,,NOS,,B102
182,V BELT C-77,Fenner,BM9X9L6,"FENNER Poly F Plus PB Classical Belt, Pitch Length 2010 mm - C77",Fenner,V-Belts,,,432.531,4010,18%,,NOS,,C77
183,V BELT C-60,Fenner,BM9K9I4,"FENNER Poly F Plus PB Classical Belt, Pitch Length 1580 mm - C60",Fenner,V-Belts,,,329.868,4010,18%,,NOS,,C60
184,V BELT C-118,Fenner,BM9H0R2,"FENNER Poly F Plus PB Classical Belt, Pitch Length 3050 mm - C118",Fenner,V-Belts,,,785.4,4010,18%,,NOS,,C118
185,V BELT C-115,Fenner,BM9A6I4,"FENNER Poly F Plus PB Classical Belt, Pitch Length 2980 mm - C115",Fenner,V-Belts,,,776.985,4010,18%,,NOS,,C115
186,V BELT B-36,Fenner,BM9I9W4,"FENNER Poly F Plus PB Classical Belt, Pitch Length 960 mm - B36",Fenner,V-Belts,,,149.787,4010,18%,,NOS,,B36
187,V BELT B-66,Fenner,BM9Y0E4,"FENNER Poly F Plus PB Classical Belt, Pitch Length 1720 mm - B66",Fenner,V-Belts,,,256.938,4010,18%,,NOS,,B66
188,V BELT B-49,Fenner,BM9R3V4,"FENNER Poly F Plus PB Classical Belt, Pitch Length 1290 mm - B49",Fenner,V-Belts,,,182.325,4010,18%,,NOS,,B49
189,V BELT B-56,Fenner,BM9F5U0,"FENNER Poly F Plus PB Classical Belt, Pitch Length 1470 mm - B56",Fenner,V-Belts,,,204.204,4010,18%,,NOS,,B56
190,V BELT B-52,Fenner,BM9R1E6,"FENNER Poly F Plus PB Classical Belt, Pitch Length 1360 mm - B52",Fenner,V-Belts,,,191.301,4010,18%,,NOS,,B52
191,V BELT B-55,Fenner,BM9N2Y0,"FENNER Poly F Plus PB Classical Belt, Pitch Length 1440 mm - B55",Fenner,V-Belts,,,201.399,4010,18%,,NOS,,B55
192,V BELT A-31,Fenner,BM9A0V5,"FENNER Poly F Plus PB Classical Belt, Pitch Length 820 mm - A31",Fenner,V-Belts,,,107.712,4010,18%,,NOS,,A31
193,V BELT C-172,Fenner,BM9Y5B2,"FENNER Poly F Plus PB Classical Belt, Pitch Length 4420 mm - C172",Fenner,V-Belts,,,1011.483,4010,18%,,NOS,,C172
194,V BELT C-186,Fenner,BM9O3K6,"FENNER Poly F Plus PB Classical Belt, Pitch Length 4780 mm - C186",Fenner,V-Belts,,,1096.194,4010,18%,,NOS,,C186
195,V BELT SPZ-1420,Fenner,BM9P0N2,"FENNER Poly-F Plus PB Wedge Belt, Pitch Length 1420 mm - SPZ1420",Fenner,V-Belts,,,172.788,4010,18%,,NOS,,SPZ1420
196,V BELT SPB-2240,Fenner,BM9L7O7,FENNER Wedge Belt - SPB2240,Fenner,V-Belts,,,504.9,4010,18%,,NOS,,SPB2240
197,V BELT C-87,Fenner,BM9N1W8Y,"FENNER Poly F Plus PB Classical Belt, Pitch Length 2270 mm - C87",Fenner,V-Belts,,,500.973,4010,18%,,NOS,,C87
198,V BELT C-103,Fenner,BM9Y6I4,"FENNER Poly F Plus PB Classical Belt, Pitch Length 2670 mm - C103",Fenner,V-Belts,,,679.932,4010,18%,,NOS,,C103
199,V BELT B-70,Fenner,BM9T3N6,"FENNER Poly F Plus PB Classical Belt, Pitch Length 1820 mm - B70",Fenner,V-Belts,,,266.475,4010,18%,,NOS,,B70
200,V BELT C-148,Fenner,BM9G1Q5,"FENNER Poly F Plus PB Classical Belt, Pitch Length 3820 mm - C148",Fenner,V-Belts,,,946.407,4010,18%,,NOS,,C148
201,V BELT C-68,Fenner,BM9T7T9,"FENNER Poly F Plus PB Classical Belt, Pitch Length 1780 mm - C68",Fenner,V-Belts,,,392.139,4010,18%,,NOS,,C68
202,V BELT A-69,Fenner,BM9O1L9,"FENNER Poly F Plus PB Classical Belt, Pitch Length 1790 mm - A69",Fenner,V-Belts,,,201.399,4010,18%,,NOS,,A69
203,V BELT B-53,Fenner,BM9B1L7,"FENNER Poly F Plus PB Classical Belt, Pitch Length 1390 mm - B53",Fenner,V-Belts,,,194.106,4010,18%,,NOS,,B53
204,V BELT B-79,Fenner,BM9S8G5,"FENNER Poly F Plus PB Classical Belt, Pitch Length 2050 mm - B79",Fenner,V-Belts,,,293.964,4010,18%,,NOS,,B79
205,V BELT B-47,Fenner,BM9Z5I4,"FENNER Poly F Plus PB Classical Belt, Pitch Length 1240 mm - B47",Fenner,V-Belts,,,177.276,4010,18%,,NOS,,B47
206,V BELT B-90,Fenner,BM9H6Y5,"FENNER Poly F Plus PB Classical Belt, Pitch Length 2330 mm - B90",Fenner,V-Belts,,,369.138,4010,18%,,NOS,,B90
207,V BELT C-110,Fenner,BM9R4R7,"FENNER Poly F Plus PB Classical Belt, Pitch Length 2850 mm - C110",Fenner,V-Belts,,,741.642,4010,18%,,NOS,,C110
208,V BELT D 268,Fenner,BM9D1A0,"FENNER Poly F Plus PB Classical Belt, Pitch Length 6890 mm - D268",Fenner,V-Belts,,,3239.775,4010,18%,,NOS,,D268
209,V BELT B-92,Fenner,BM9I7C1,"FENNER Poly F Plus PB Classical Belt, Pitch Length 2380 mm - B92",Fenner,V-Belts,,,395.505,4010,18%,,NOS,,B92
210,V BELT A-61,Fenner,BM9Y5E0,"FENNER Poly F Plus PB Classical Belt, Pitch Length 1580 mm - A61",Fenner,V-Belts,,,169.422,4010,18%,,NOS,,A61
211,V BELT D- 185,Fenner,BM9B0B8,"FENNER Poly F Plus PB Classical Belt, Pitch Length 4780 mm - D185",Fenner,V-Belts,,,2092.53,4010,18%,,NOS,,D185
212,V BELT C -69,Fenner,BM9T7Q0,"FENNER Poly F Plus PB Classical Belt, Pitch Length 1810 mm - C69",Fenner,V-Belts,,,396.627,4010,18%,,NOS,,C69
213,V BELT C - 88,Fenner,BM9R0A4,"FENNER Poly F Plus PB Classical Belt, Pitch Length 2290 mm - C88",Fenner,V-Belts,,,512.754,4010,18%,,NOS,,C88
214,V BELT A-67,Fenner,BM9A0F8,"FENNER Poly F Plus PB Classical Belt, Pitch Length 1730 mm - A67",Fenner,V-Belts,,,199.716,4010,18%,,NOS,,A67
215,V BELT B-84,Fenner,BM9O1A4,"FENNER Poly F Plus PB Classical Belt, Pitch Length 2180 mm - B84",Fenner,V-Belts,,,319.77,4010,18%,,NOS,,B84
216,V BELT B-64,Fenner,BM9V5S3,"FENNER Poly F Plus PB Classical Belt, Pitch Length 1670 mm - B64",Fenner,V-Belts,,,221.595,4010,18%,,NOS,,B64
217,V BELT B-86,Fenner,BM9M9S0,"FENNER Poly F Plus PB Classical Belt, Pitch Length 2230 mm - B86",Fenner,V-Belts,,,350.625,4010,18%,,NOS,,B86
218,V BELT B-138,Fenner,BM9V7K6,"FENNER Poly F Plus PB Classical Belt, Pitch Length 3550 mm - B138",Fenner,V-Belts,,,599.148,4010,18%,,NOS,,B138
219,V BELT C-78,Fenner,BM9K2U4,"FENNER Poly F Plus PB Classical Belt, Pitch Length 2040 mm - C78",Fenner,V-Belts,,,438.702,4010,18%,,NOS,,C78
220,V BELT A-38,Fenner,BM9A1H6,"FENNER Poly F Plus PB Classical Belt, Pitch Length 1000 mm - A38",Fenner,V-Belts,,,123.42,4010,18%,,NOS,,A38
221,V BELT B-119,Fenner,BM9Q3I4,"FENNER Poly F Plus PB Classical Belt, Pitch Length 3070 mm - B119",Fenner,V-Belts,,,524.535,4010,18%,,NOS,,B119
222,V BELT SPZ-1700,Fenner,BM9H7I2,"FENNER Poly-F Plus PB Wedge Belt, Pitch Length 1700 mm - SPZ1700",Fenner,V-Belts,,,201.399,4010,18%,,NOS,,SPZ1700
223,V BELT C-80,Fenner,BM9X9O6,"FENNER Poly F Plus PB Classical Belt, Pitch Length 2090 mm - C80",Fenner,V-Belts,,,453.288,4010,18%,,NOS,,C80
224,V BELT B-48,Fenner,BM9L5T9,"FENNER Poly F Plus PB Classical Belt, Pitch Length 1260 mm - B48",Fenner,V-Belts,,,180.642,4010,18%,,NOS,,B48
225,V BELT SPZ-1520,Fenner,BM9D0X8,"FENNER Poly-F Plus PB Wedge Belt, Pitch Length 1520 mm - SPZ1520",Fenner,V-Belts,,,182.886,4010,18%,,NOS,,SPZ1520
226,V BELT C-184,Fenner,BM9Y5O4,"FENNER Poly F Plus PB Classical Belt, Pitch Length 4730 mm - C184",Fenner,V-Belts,,,1082.169,4010,18%,,NOS,,C184
227,V BELT C-81,Fenner,BM9N9O6,"FENNER Poly F Plus PB Classical Belt, Pitch Length 2110 mm - C81",Fenner,V-Belts,,,469.557,4010,18%,,NOS,,C81
228,V BELT A-45,Fenner,BM9P7K7,"FENNER Poly F Plus PB Classical Belt, Pitch Length 1180 mm - A45",Fenner,V-Belts,,,138.006,4010,18%,,NOS,,A45
229,V BELT SPB-2500,Fenner,BM9T9A1,FENNER Wedge Belt - SPB2500,Fenner,V-Belts,,,561.561,4010,18%,,NOS,,SPB2500
230,V BELT D-238,Fenner,BM9W9T1,"FENNER Poly F Plus PB Classical Belt, Pitch Length 6130 mm - D238",Fenner,V-Belts,,,2852.685,4010,18%,,NOS,,D238
231,V BELT D-102,Fenner,BM9K3V0,"FENNER Poly F Plus PB Classical Belt, Pitch Length 2670 mm - D102",Fenner,V-Belts,,,1203.906,4010,18%,,NOS,,D102
232,V BELT A-44,Fenner,BM9X4L2,"FENNER Poly F Plus PB Classical Belt, Pitch Length 1150 mm - A44",Fenner,V-Belts,,,136.884,4010,18%,,NOS,,A44
233,V BELT C -155,Fenner,BM9W0O4,"FENNER Poly F Plus PB Classical Belt, Pitch Length 3990 mm - C155",Fenner,V-Belts,,,969.408,4010,18%,,NOS,,C155
234,V BELT B-78,Fenner,BM9C8D0,"FENNER Poly F Plus PB Classical Belt, Pitch Length 2020 mm - B78",Fenner,V-Belts,,,290.037,4010,18%,,NOS,,B78
235,V BELT A-64,Fenner,BM9T5N3,"FENNER Poly F Plus PB Classical Belt, Pitch Length 1660 mm - A64",Fenner,V-Belts,,,174.471,4010,18%,,NOS,,A64
236,V BELT A-32,Fenner,BM9B6O8,"FENNER Poly F Plus PB Classical Belt, Pitch Length 850 mm - A32",Fenner,V-Belts,,,108.834,4010,18%,,NOS,,A32
237,V BELT C-73,Fenner,BM9E0L5,"FENNER Poly F Plus PB Classical Belt, Pitch Length 1910 mm - C73",Fenner,V-Belts,,,415.701,4010,18%,,NOS,,C73
238,V BELT A-82,Fenner,BM9L0Y2,"FENNER Poly F Plus PB Classical Belt, Pitch Length 2120 mm - A82",Fenner,V-Belts,,,234.498,4010,18%,,NOS,,A82
239,V BELT B-100,Fenner,BM9Z3E7,"FENNER Poly F Plus PB Classical Belt, Pitch Length 2580 mm - B100",Fenner,V-Belts,,,429.726,4010,18%,,NOS,,B100
240,V BELT C-112,Fenner,BM9X4Q3,"FENNER Poly F Plus PB Classical Belt, Pitch Length 2900 mm - C112",Fenner,V-Belts,,,756.789,4010,18%,,NOS,,C112
241,V BELT B-71,Fenner,BM9L0M2,"FENNER Poly F Plus PB Classical Belt, Pitch Length 1850 mm - B71",Fenner,V-Belts,,,271.524,4010,18%,,NOS,,B71
242,V BELT B-45,Fenner,BM9I9G3,"FENNER Poly F Plus PB Classical Belt, Pitch Length 1190 mm - B45",Fenner,V-Belts,,,166.617,4010,18%,,NOS,,B45
243,V BELT B-105,Fenner,BM9Q3X5,"FENNER Poly F Plus PB Classical Belt, Pitch Length 2710 mm - B105",Fenner,V-Belts,,,453.288,4010,18%,,NOS,,B105
244,V BELT C-93,Fenner,BM9V5O8,"FENNER Poly F Plus PB Classical Belt, Pitch Length 2420 mm - C93",Fenner,V-Belts,,,584.001,4010,18%,,NOS,,C93
245,V BELT B-91,Fenner,BM9G4F1,"FENNER Poly F Plus PB Classical Belt, Pitch Length 2350 mm - B91",Fenner,V-Belts,,,391.578,4010,18%,,NOS,,B91
246,V BELT A-30,Fenner,BM9K8E2,"FENNER Poly F Plus PB Classical Belt, Pitch Length 800 mm - A30",Fenner,V-Belts,,,100.419,4010,18%,,NOS,,A30
247,V BELT B-31,Fenner,BM9D2H1,"FENNER Poly F Plus PB Classical Belt, Pitch Length 830 mm - B31",Fenner,V-Belts,,,143.616,4010,18%,,NOS,,B31
248,V BELT SPZ-1787,Fenner,BM9O3F6,"FENNER Poly-F Plus PB Wedge Belt, Pitch Length 1787 mm - SPZ1787",Fenner,V-Belts,,,210.936,4010,18%,,NOS,,SPZ1787
249,V BELT A-21,Fenner,BM9R1L2,"FENNER Poly F Plus PB Classical Belt, Pitch Length 570 mm - A21",Fenner,V-Belts,,,91.443,4010,18%,,NOS,,A21
250,V BELT SPZ-1500,Fenner,BM9S0O9,"Fenner Wedge Belt, Width 10 mm - SPZ1500",Fenner,V-Belts,,,182.325,4010,18%,,NOS,,SPZ1500
251,V BELT C-71,Fenner,BM9L4M2,"FENNER Poly F Plus PB Classical Belt, Pitch Length 1860 mm - C71",Fenner,V-Belts,,,405.603,4010,18%,,NOS,,C71
