inquiry_number,order_number,created_at,quote_type,After Change Status,Before Change Status,
29339,,28 Nov 18,ong,New Inquiry,Order Lost,FALSE
29241,,26 Nov 18,bmro,Quotation Sent,Regret,FALSE
29039,,19 Nov 18,bmro,Quotation Sent,Order Lost,FALSE
29009,,16 Nov 18,bmro,Expected Order,Order Lost,FALSE
28997,,16 Nov 18,bmro,Expected Order,Regret,FALSE
28978,,16 Nov 18,bmro,Quotation Sent,Order Lost,FALSE
28937,,15 Nov 18,bmro,Quotation Sent,Regret,FALSE
28929,,15 Nov 18,bmro,Quotation Sent,Order Lost,FALSE
28886,,13 Nov 18,bmro,Quotation Sent,Order Lost,FALSE
28820,,12 Nov 18,bmro,Quotation Sent,Order Lost,FALSE
28760,,5 Nov 18,bmro,Quotation Sent,Order Lost,FALSE
28737,,3 Nov 18,bmro,Quotation Sent,Order Lost,FALSE
28715,10211484,2 Nov 18,bmro,Order Won,Regret,FALSE
28708,,2 Nov 18,bmro,Quotation Sent,Regret,FALSE
28700,,2 Nov 18,bmro,Quotation Sent,Order Lost,FALSE
28692,,1 Nov 18,bmro,Quotation Sent,Order Lost,FALSE
28685,,1 Nov 18,bmro,Quotation Sent,Order Lost,FALSE
28663,,1 Nov 18,bmro,Quotation Sent,Order Lost,FALSE
28662,,1 Nov 18,bmro,Quotation Sent,Order Lost,FALSE
28602,,30 Oct 18,bmro,Regret,Order Lost,FALSE
28566,,30 Oct 18,bmro,Quotation Sent,Order Lost,FALSE
28429,,24 Oct 18,bmro,Quotation Sent,Order Lost,FALSE
28417,,24 Oct 18,bmro,Expected Order,Order Lost,FALSE
28329,,22 Oct 18,bmro,Expected Order,Regret,FALSE
28326,,22 Oct 18,bmro,Quotation Sent,Order Lost,FALSE
28317,,22 Oct 18,bmro,Expected Order,Regret,FALSE
28271,,19 Oct 18,bmro,Expected Order,Regret,FALSE
28265,,19 Oct 18,bmro,Quotation Sent,Order Lost,FALSE
28205,,16 Oct 18,bmro,Order Lost,Regret,FALSE
28150,,15 Oct 18,bmro,Quotation Sent,Order Lost,FALSE
28156,,15 Oct 18,bmro,Quotation Sent,Order Lost,FALSE
28173,,15 Oct 18,bmro,Quotation Sent,Regret,FALSE
28130,,13 Oct 18,bmro,Quotation Sent,Regret,FALSE
28081,,12 Oct 18,bmro,Quotation Sent,Order Lost,FALSE
28100,,12 Oct 18,bmro,Quotation Sent,Order Lost,FALSE
28069,,11 Oct 18,bmro,Quotation Sent,Regret,FALSE
28038,,11 Oct 18,bmro,Quotation Sent,Order Lost,FALSE
28032,,11 Oct 18,bmro,Expected Order,Order Lost,FALSE
28065,,11 Oct 18,bmro,Quotation Sent,Order Lost,FALSE
27982,,10 Oct 18,bmro,Quotation Sent,Order Lost,FALSE
28010,,10 Oct 18,bmro,Quotation Sent,Regret,FALSE
27989,,10 Oct 18,bmro,Quotation Sent,Order Lost,FALSE
28018,,10 Oct 18,bmro,Quotation Sent,Order Lost,FALSE
27950,,9 Oct 18,bmro,Quotation Sent,Order Lost,FALSE
27955,,9 Oct 18,bmro,Quotation Sent,Order Lost,FALSE
27970,,9 Oct 18,bmro,Quotation Sent,Order Lost,FALSE
27957,,9 Oct 18,bmro,Quotation Sent,Order Lost,FALSE
27905,,8 Oct 18,bmro,Quotation Sent,Order Lost,FALSE
27903,,8 Oct 18,bmro,Quotation Sent,Regret,FALSE
27916,,8 Oct 18,bmro,Quotation Sent,Order Lost,FALSE
27915,,8 Oct 18,bmro,Quotation Sent,Order Lost,FALSE
27939,,8 Oct 18,bmro,Quotation Sent,Order Lost,FALSE
27870,,6 Oct 18,bmro,Quotation Sent,Order Lost,FALSE
27871,,6 Oct 18,bmro,Quotation Sent,Order Lost,FALSE
27840,,5 Oct 18,bmro,Quotation Sent,Order Lost,FALSE
27839,,5 Oct 18,bmro,Expected Order,Order Lost,FALSE
27808,,4 Oct 18,bmro,Quotation Sent,Order Lost,FALSE
27809,,4 Oct 18,bmro,Quotation Sent,Order Lost,FALSE
27812,,4 Oct 18,bmro,Quotation Sent,Order Lost,FALSE
27811,,4 Oct 18,bmro,Quotation Sent,Regret,FALSE
27745,,3 Oct 18,bmro,Quotation Sent,Regret,FALSE
27748,,3 Oct 18,bmro,Quotation Sent,Order Lost,FALSE
27712,,1 Oct 18,bmro,Quotation Sent,Order Lost,FALSE
27719,,1 Oct 18,bmro,Quotation Sent,Order Lost,FALSE
27690,,29 Sep 18,bmro,Quotation Sent,Order Lost,FALSE
27695,,29 Sep 18,bmro,Quotation Sent,Order Lost,FALSE
27662,,28 Sep 18,bmro,Quotation Sent,Order Lost,FALSE
27650,,28 Sep 18,bmro,Quotation Sent,Order Lost,FALSE
27653,,28 Sep 18,bmro,Quotation Sent,Order Lost,FALSE
27674,,28 Sep 18,bmro,Quotation Sent,Order Lost,FALSE
27620,,27 Sep 18,bmro,Quotation Sent,Order Lost,FALSE
27641,,27 Sep 18,bmro,Quotation Sent,Order Lost,FALSE
27629,,27 Sep 18,bmro,Quotation Sent,Order Lost,FALSE
27583,,26 Sep 18,bmro,Quotation Sent,Order Lost,FALSE
27586,,26 Sep 18,bmro,Quotation Sent,Order Lost,FALSE
27578,,26 Sep 18,bmro,Quotation Sent,Regret,FALSE
27569,,26 Sep 18,bmro,Quotation Sent,Order Lost,FALSE
27574,,26 Sep 18,bmro,Quotation Sent,Order Lost,FALSE
27590,,26 Sep 18,bmro,Quotation Sent,Order Lost,FALSE
27554,,25 Sep 18,bmro,Quotation Sent,Order Lost,FALSE
27537,,25 Sep 18,bmro,Quotation Sent,Regret,FALSE
27532,,25 Sep 18,bmro,Quotation Sent,Order Lost,FALSE
27527,,24 Sep 18,bmro,Quotation Sent,Order Lost,FALSE
27523,,24 Sep 18,bmro,Quotation Sent,Order Lost,FALSE
27521,,24 Sep 18,bmro,Quotation Sent,Order Lost,FALSE
27490,,24 Sep 18,bmro,Quotation Sent,Order Lost,FALSE
27479,,22 Sep 18,bmro,Quotation Sent,Order Lost,FALSE
27458,,21 Sep 18,bmro,Quotation Sent,Order Lost,FALSE
27447,,21 Sep 18,bmro,Quotation Sent,Order Lost,FALSE
27471,,21 Sep 18,bmro,Quotation Sent,Order Lost,FALSE
27463,,21 Sep 18,bmro,Quotation Sent,Regret,FALSE
27466,,21 Sep 18,bmro,Quotation Sent,Order Lost,FALSE
27440,,21 Sep 18,bmro,Quotation Sent,Order Lost,FALSE
27445,,21 Sep 18,bmro,Quotation Sent,Order Lost,FALSE
27453,,21 Sep 18,bmro,Quotation Sent,Order Lost,FALSE
27455,,21 Sep 18,bmro,Quotation Sent,Order Lost,FALSE
27410,,20 Sep 18,bmro,Quotation Sent,Order Lost,FALSE
27414,,20 Sep 18,bmro,Quotation Sent,Order Lost,FALSE
27421,,20 Sep 18,bmro,Quotation Sent,Order Lost,FALSE
27424,,20 Sep 18,bmro,Quotation Sent,Order Lost,FALSE
27366,,19 Sep 18,bmro,Quotation Sent,Order Lost,FALSE
27361,,19 Sep 18,bmro,Quotation Sent,Order Lost,FALSE
27365,,19 Sep 18,bmro,Quotation Sent,Order Lost,FALSE
27390,,19 Sep 18,bmro,Quotation Sent,Order Lost,FALSE
27384,,19 Sep 18,bmro,Quotation Sent,Order Lost,FALSE
27378,,19 Sep 18,bmro,Quotation Sent,Order Lost,FALSE
27391,,19 Sep 18,bmro,Quotation Sent,Order Lost,FALSE
27386,,19 Sep 18,bmro,Quotation Sent,Order Lost,FALSE
27316,,18 Sep 18,bmro,Quotation Sent,Order Lost,FALSE
27320,,18 Sep 18,bmro,Quotation Sent,Order Lost,FALSE
27326,,18 Sep 18,bmro,Quotation Sent,Order Lost,FALSE
27315,,18 Sep 18,bmro,Quotation Sent,Order Lost,FALSE
27338,,18 Sep 18,bmro,Quotation Sent,Order Lost,FALSE
27341,,18 Sep 18,bmro,Quotation Sent,Order Lost,FALSE
27336,,18 Sep 18,bmro,Quotation Sent,Order Lost,FALSE
27344,,18 Sep 18,bmro,Quotation Sent,Order Lost,FALSE
27349,,18 Sep 18,bmro,Quotation Sent,Order Lost,FALSE
27340,,18 Sep 18,bmro,Quotation Sent,Order Lost,FALSE
27343,,18 Sep 18,bmro,Quotation Sent,Order Lost,FALSE
27267,,17 Sep 18,bmro,Quotation Sent,Order Lost,FALSE
27270,,17 Sep 18,bmro,Quotation Sent,Order Lost,FALSE
27291,,17 Sep 18,bmro,Quotation Sent,Order Lost,FALSE
27263,,17 Sep 18,bmro,Quotation Sent,Order Lost,FALSE
27282,,17 Sep 18,bmro,Quotation Sent,Order Lost,FALSE
27285,,17 Sep 18,bmro,Quotation Sent,Order Lost,FALSE
27280,,17 Sep 18,bmro,Quotation Sent,Order Lost,FALSE
27225,,14 Sep 18,bmro,Quotation Sent,Order Lost,FALSE
27251,,14 Sep 18,bmro,Quotation Sent,Order Lost,FALSE
27226,,14 Sep 18,bmro,Quotation Sent,Order Lost,FALSE
27255,,14 Sep 18,bmro,Quotation Sent,Regret,FALSE
27222,,14 Sep 18,bmro,Quotation Sent,Order Lost,FALSE
27247,,14 Sep 18,bmro,Quotation Sent,Order Lost,FALSE
27231,,14 Sep 18,bmro,Quotation Sent,Order Lost,FALSE
27219,,14 Sep 18,bmro,Quotation Sent,Order Lost,FALSE
27183,,12 Sep 18,bmro,Quotation Sent,Order Lost,FALSE
27191,,12 Sep 18,bmro,Quotation Sent,Order Lost,FALSE
27198,,12 Sep 18,bmro,Quotation Sent,Order Lost,FALSE
27209,,12 Sep 18,bmro,Quotation Sent,Order Lost,FALSE
27210,,12 Sep 18,bmro,Quotation Sent,Order Lost,FALSE
27186,,12 Sep 18,bmro,Quotation Sent,Order Lost,FALSE
27177,,11 Sep 18,bmro,Quotation Sent,Order Lost,FALSE
27147,,11 Sep 18,bmro,Quotation Sent,Order Lost,FALSE
27157,,11 Sep 18,bmro,Quotation Sent,Order Lost,FALSE
27154,,11 Sep 18,bmro,Quotation Sent,Regret,FALSE
27152,,11 Sep 18,bmro,Quotation Sent,Order Lost,FALSE
27143,,11 Sep 18,bmro,Quotation Sent,Order Lost,FALSE
27174,,11 Sep 18,bmro,Quotation Sent,Order Lost,FALSE
27137,,10 Sep 18,bmro,Quotation Sent,Order Lost,FALSE
27116,,10 Sep 18,bmro,Quotation Sent,Regret,FALSE
27124,,10 Sep 18,bmro,Quotation Sent,Order Lost,FALSE
27127,,10 Sep 18,bmro,Quotation Sent,Order Lost,FALSE
27104,,8 Sep 18,bmro,Quotation Sent,Order Lost,FALSE
27105,,8 Sep 18,bmro,Quotation Sent,Order Lost,FALSE
27108,,8 Sep 18,bmro,Quotation Sent,Order Lost,FALSE
27112,,8 Sep 18,bmro,Quotation Sent,Order Lost,FALSE
27094,,7 Sep 18,bmro,Quotation Sent,Order Lost,FALSE
27074,,7 Sep 18,bmro,Quotation Sent,Order Lost,FALSE
27088,,7 Sep 18,bmro,Quotation Sent,Order Lost,FALSE
27087,,7 Sep 18,bmro,Quotation Sent,Order Lost,FALSE
27023,,6 Sep 18,bmro,Quotation Sent,Order Lost,FALSE
27043,,6 Sep 18,bmro,Quotation Sent,Order Lost,FALSE
27015,,6 Sep 18,bmro,Quotation Sent,Order Lost,FALSE
27025,,6 Sep 18,bmro,Quotation Sent,Order Lost,FALSE
27014,,6 Sep 18,bmro,Quotation Sent,Order Lost,FALSE
27027,,6 Sep 18,bmro,Quotation Sent,Order Lost,FALSE
27018,,6 Sep 18,bmro,Quotation Sent,Order Lost,FALSE
27036,,6 Sep 18,bmro,Quotation Sent,Order Lost,FALSE
27037,,6 Sep 18,bmro,Quotation Sent,Order Lost,FALSE
27040,,6 Sep 18,bmro,Quotation Sent,Order Lost,FALSE
27051,,6 Sep 18,bmro,Quotation Sent,Order Lost,FALSE
27056,,6 Sep 18,bmro,Quotation Sent,Order Lost,FALSE
26967,,5 Sep 18,bmro,Quotation Sent,Order Lost,FALSE
26968,,5 Sep 18,bmro,Quotation Sent,Order Lost,FALSE
27003,,5 Sep 18,bmro,Quotation Sent,Order Lost,FALSE
26983,,5 Sep 18,bmro,Quotation Sent,Order Lost,FALSE
26969,,5 Sep 18,bmro,Quotation Sent,Order Lost,FALSE
26992,,5 Sep 18,bmro,Quotation Sent,Order Lost,FALSE
27001,,5 Sep 18,bmro,Quotation Sent,Order Lost,FALSE
26971,,5 Sep 18,bmro,Quotation Sent,Order Lost,FALSE
26972,,5 Sep 18,bmro,Quotation Sent,Order Lost,FALSE
26974,,5 Sep 18,bmro,Quotation Sent,Order Lost,FALSE
26979,,5 Sep 18,bmro,Quotation Sent,Regret,FALSE
26990,,5 Sep 18,bmro,Quotation Sent,Order Lost,FALSE
27002,,5 Sep 18,bmro,Quotation Sent,Order Lost,FALSE
26937,,4 Sep 18,bmro,Quotation Sent,Order Lost,FALSE
26943,,4 Sep 18,bmro,Quotation Sent,Order Lost,FALSE
26948,,4 Sep 18,bmro,Quotation Sent,Order Lost,FALSE
26916,,4 Sep 18,bmro,Quotation Sent,Order Lost,FALSE
26934,,4 Sep 18,bmro,Quotation Sent,Order Lost,FALSE
26935,,4 Sep 18,bmro,Quotation Sent,Order Lost,FALSE
26942,,4 Sep 18,bmro,Quotation Sent,Order Lost,FALSE
26946,,4 Sep 18,bmro,Quotation Sent,Order Lost,FALSE
26950,,4 Sep 18,bmro,Quotation Sent,Order Lost,FALSE
26932,,4 Sep 18,bmro,Quotation Sent,Order Lost,FALSE
26903,,3 Sep 18,bmro,Quotation Sent,Order Lost,FALSE
26886,,3 Sep 18,bmro,Quotation Sent,Order Lost,FALSE
26893,,3 Sep 18,bmro,Quotation Sent,Order Lost,FALSE
26911,,3 Sep 18,bmro,Quotation Sent,Order Lost,FALSE
26912,,3 Sep 18,bmro,Quotation Sent,Order Lost,FALSE
26872,,1 Sep 18,bmro,Quotation Sent,Order Lost,FALSE
26863,,1 Sep 18,bmro,Quotation Sent,Order Lost,FALSE
26877,,1 Sep 18,bmro,Quotation Sent,Order Lost,FALSE
26867,,1 Sep 18,bmro,Quotation Sent,Order Lost,FALSE
26865,,1 Sep 18,bmro,Quotation Sent,Order Lost,FALSE
26866,,1 Sep 18,bmro,Quotation Sent,Order Lost,FALSE
26869,,1 Sep 18,bmro,Quotation Sent,Order Lost,FALSE
26874,,1 Sep 18,bmro,Quotation Sent,Order Lost,FALSE
26822,,31 Aug 18,bmro,Quotation Sent,Order Lost,FALSE
26836,,31 Aug 18,bmro,Quotation Sent,Order Lost,FALSE
26809,,30 Aug 18,bmro,Quotation Sent,Order Lost,FALSE
26794,,30 Aug 18,bmro,Quotation Sent,Order Lost,FALSE
26788,,30 Aug 18,bmro,Order Lost,Regret,FALSE
26781,,30 Aug 18,bmro,Quotation Sent,Order Lost,FALSE
26767,,30 Aug 18,bmro,Quotation Sent,Order Lost,FALSE
26765,,30 Aug 18,bmro,Quotation Sent,Order Lost,FALSE
26768,,30 Aug 18,bmro,Quotation Sent,Order Lost,FALSE
26798,,30 Aug 18,bmro,Quotation Sent,Order Lost,FALSE
26769,,30 Aug 18,bmro,Quotation Sent,Order Lost,FALSE
26762,,30 Aug 18,bmro,Quotation Sent,Order Lost,FALSE
26784,,30 Aug 18,bmro,Quotation Sent,Order Lost,FALSE
26786,,30 Aug 18,bmro,Quotation Sent,Order Lost,FALSE
26787,,30 Aug 18,bmro,Quotation Sent,Order Lost,FALSE
26790,,30 Aug 18,bmro,Quotation Sent,Order Lost,FALSE
26801,,30 Aug 18,bmro,Quotation Sent,Order Lost,FALSE
26749,,29 Aug 18,bmro,Quotation Sent,Order Lost,FALSE
26732,,29 Aug 18,bmro,Quotation Sent,Order Lost,FALSE
26736,,29 Aug 18,bmro,Quotation Sent,Order Lost,FALSE
26735,,29 Aug 18,bmro,Quotation Sent,Order Lost,FALSE
26741,,29 Aug 18,bmro,Quotation Sent,Order Lost,FALSE
26742,,29 Aug 18,bmro,Quotation Sent,Order Lost,FALSE
26754,,29 Aug 18,bmro,Quotation Sent,Order Lost,FALSE
26703,,28 Aug 18,bmro,Quotation Sent,Order Lost,FALSE
26701,,28 Aug 18,bmro,Quotation Sent,Order Lost,FALSE
26704,,28 Aug 18,bmro,Quotation Sent,Order Lost,FALSE
26705,,28 Aug 18,bmro,Quotation Sent,Order Lost,FALSE
26719,,28 Aug 18,bmro,Quotation Sent,Order Lost,FALSE
26671,,27 Aug 18,bmro,Quotation Sent,Order Lost,FALSE
26666,,27 Aug 18,bmro,Quotation Sent,Order Lost,FALSE
26659,,27 Aug 18,bmro,Quotation Sent,Order Lost,FALSE
26675,,27 Aug 18,bmro,Quotation Sent,Order Lost,FALSE
26687,,27 Aug 18,bmro,Quotation Sent,Order Lost,FALSE
26665,,27 Aug 18,bmro,Quotation Sent,Order Lost,FALSE
26670,,27 Aug 18,bmro,Quotation Sent,Order Lost,FALSE
26674,,27 Aug 18,bmro,Quotation Sent,Order Lost,FALSE
26679,,27 Aug 18,bmro,Quotation Sent,Order Lost,FALSE
26680,,27 Aug 18,bmro,Quotation Sent,Order Lost,FALSE
26656,,25 Aug 18,bmro,Quotation Sent,Order Lost,FALSE
26627,,24 Aug 18,bmro,Quotation Sent,Order Lost,FALSE
26626,,24 Aug 18,bmro,Quotation Sent,Order Lost,FALSE
26642,,24 Aug 18,bmro,Quotation Sent,Order Lost,FALSE
26623,,24 Aug 18,bmro,Quotation Sent,Order Lost,FALSE
26646,,24 Aug 18,bmro,Quotation Sent,Order Lost,FALSE
26647,,24 Aug 18,bmro,Quotation Sent,Order Lost,FALSE
26648,,24 Aug 18,bmro,Quotation Sent,Order Lost,FALSE
26597,,23 Aug 18,bmro,Quotation Sent,Order Lost,FALSE
26609,,23 Aug 18,bmro,Quotation Sent,Order Lost,FALSE
26584,,23 Aug 18,bmro,Quotation Sent,Order Lost,FALSE
26592,,23 Aug 18,bmro,Quotation Sent,Order Lost,FALSE
26595,,23 Aug 18,bmro,Quotation Sent,Order Lost,FALSE
26596,,23 Aug 18,bmro,Quotation Sent,Order Lost,FALSE
26607,,23 Aug 18,bmro,Quotation Sent,Order Lost,FALSE
26616,,23 Aug 18,bmro,Quotation Sent,Order Lost,FALSE
26580,,23 Aug 18,bmro,Quotation Sent,Order Lost,FALSE
26588,,23 Aug 18,bmro,Quotation Sent,Order Lost,FALSE
26558,,22 Aug 18,bmro,Quotation Sent,Order Lost,FALSE
26563,,22 Aug 18,bmro,Quotation Sent,Order Lost,FALSE
26540,,22 Aug 18,bmro,Quotation Sent,Order Lost,FALSE
26543,,22 Aug 18,bmro,Quotation Sent,Order Lost,FALSE
26547,,22 Aug 18,bmro,Quotation Sent,Order Lost,FALSE
26556,,22 Aug 18,bmro,Quotation Sent,Order Lost,FALSE
26532,,22 Aug 18,bmro,Quotation Sent,Order Lost,FALSE
26536,,22 Aug 18,bmro,Quotation Sent,Regret,FALSE
26550,,22 Aug 18,bmro,Quotation Sent,Order Lost,FALSE
26553,,22 Aug 18,bmro,Quotation Sent,Order Lost,FALSE
26493,,21 Aug 18,bmro,Quotation Sent,Order Lost,FALSE
26497,,21 Aug 18,bmro,Quotation Sent,Order Lost,FALSE
26513,,21 Aug 18,bmro,Quotation Sent,Order Lost,FALSE
26517,,21 Aug 18,bmro,Quotation Sent,Order Lost,FALSE
26505,,21 Aug 18,bmro,Quotation Sent,Order Lost,FALSE
26454,,20 Aug 18,bmro,Quotation Sent,Order Lost,FALSE
26459,,20 Aug 18,bmro,Quotation Sent,Order Lost,FALSE
26458,,20 Aug 18,bmro,Quotation Sent,Order Lost,FALSE
26452,,20 Aug 18,bmro,Quotation Sent,Order Lost,FALSE
26441,,20 Aug 18,bmro,Quotation Sent,Order Lost,FALSE
26466,,20 Aug 18,bmro,Quotation Sent,Order Lost,FALSE
26468,,20 Aug 18,bmro,Quotation Sent,Order Lost,FALSE
26462,,20 Aug 18,bmro,Quotation Sent,Order Lost,FALSE
26456,,20 Aug 18,bmro,Quotation Sent,Order Lost,FALSE
26417,,18 Aug 18,bmro,Quotation Sent,Order Lost,FALSE
26421,,18 Aug 18,bmro,Quotation Sent,Order Lost,FALSE
26419,,18 Aug 18,bmro,Quotation Sent,Order Lost,FALSE
26426,,18 Aug 18,bmro,Quotation Sent,Order Lost,FALSE
26429,,18 Aug 18,bmro,Quotation Sent,Order Lost,FALSE
26379,,17 Aug 18,bmro,Quotation Sent,Order Lost,FALSE
26408,,17 Aug 18,bmro,Quotation Sent,Order Lost,FALSE
26397,,17 Aug 18,bmro,Quotation Sent,Order Lost,FALSE
26406,,17 Aug 18,bmro,Quotation Sent,Order Lost,FALSE
26410,,17 Aug 18,bmro,Quotation Sent,Order Lost,FALSE
26383,,17 Aug 18,bmro,Quotation Sent,Order Lost,FALSE
26393,,17 Aug 18,bmro,Quotation Sent,Order Lost,FALSE
26414,,17 Aug 18,bmro,Quotation Sent,Order Lost,FALSE
26350,,16 Aug 18,bmro,Quotation Sent,Order Lost,FALSE
26334,,16 Aug 18,bmro,Quotation Sent,Order Lost,FALSE
26358,,16 Aug 18,bmro,Quotation Sent,Order Lost,FALSE
26343,,16 Aug 18,bmro,Quotation Sent,Order Lost,FALSE
26340,,16 Aug 18,bmro,Quotation Sent,Order Lost,FALSE
26371,,16 Aug 18,bmro,Quotation Sent,Order Lost,FALSE
26365,,16 Aug 18,bmro,Quotation Sent,Order Lost,FALSE
26364,,16 Aug 18,bmro,Quotation Sent,Order Lost,FALSE
26336,,16 Aug 18,bmro,Quotation Sent,Order Lost,FALSE
26353,,16 Aug 18,bmro,Quotation Sent,Order Lost,FALSE
26355,,16 Aug 18,bmro,Quotation Sent,Order Lost,FALSE
26344,,16 Aug 18,bmro,Quotation Sent,Order Lost,FALSE
26338,,16 Aug 18,bmro,Quotation Sent,Order Lost,FALSE
26304,,14 Aug 18,bmro,Quotation Sent,Order Lost,FALSE
26313,,14 Aug 18,bmro,Quotation Sent,Order Lost,FALSE
26300,,14 Aug 18,bmro,Quotation Sent,Order Lost,FALSE
26303,,14 Aug 18,bmro,Quotation Sent,Order Lost,FALSE
26307,,14 Aug 18,bmro,Quotation Sent,Order Lost,FALSE
26312,,14 Aug 18,bmro,Quotation Sent,Order Lost,FALSE
26317,,14 Aug 18,bmro,Quotation Sent,Regret,FALSE
26320,,14 Aug 18,bmro,Quotation Sent,Order Lost,FALSE
26305,,14 Aug 18,bmro,Quotation Sent,Order Lost,FALSE
26321,,14 Aug 18,bmro,Quotation Sent,Order Lost,FALSE
26279,,13 Aug 18,bmro,Quotation Sent,Order Lost,FALSE
26296,,13 Aug 18,bmro,Expected Order,Order Lost,FALSE
26275,,13 Aug 18,bmro,Quotation Sent,Order Lost,FALSE
26277,,13 Aug 18,bmro,Quotation Sent,Order Lost,FALSE
26286,,13 Aug 18,bmro,Quotation Sent,Order Lost,FALSE
26290,,13 Aug 18,bmro,Quotation Sent,Order Lost,FALSE
26295,,13 Aug 18,bmro,Quotation Sent,Order Lost,FALSE
26258,,11 Aug 18,bmro,Quotation Sent,Order Lost,FALSE
26259,,11 Aug 18,bmro,Quotation Sent,Order Lost,FALSE
26264,,11 Aug 18,bmro,Quotation Sent,Order Lost,FALSE
26230,,10 Aug 18,bmro,Quotation Sent,Order Lost,FALSE
26222,,10 Aug 18,bmro,Quotation Sent,Order Lost,FALSE
26225,,10 Aug 18,bmro,Quotation Sent,Order Lost,FALSE
26233,,10 Aug 18,bmro,Quotation Sent,Order Lost,FALSE
26235,,10 Aug 18,bmro,Quotation Sent,Order Lost,FALSE
26236,,10 Aug 18,bmro,Quotation Sent,Order Lost,FALSE
26240,,10 Aug 18,bmro,Quotation Sent,Order Lost,FALSE
26241,,10 Aug 18,bmro,Quotation Sent,Order Lost,FALSE
26243,,10 Aug 18,bmro,Quotation Sent,Regret,FALSE
26210,,9 Aug 18,bmro,Quotation Sent,Order Lost,FALSE
26191,,9 Aug 18,bmro,Quotation Sent,Order Lost,FALSE
26184,,9 Aug 18,bmro,Quotation Sent,Order Lost,FALSE
26186,,9 Aug 18,bmro,Quotation Sent,Order Lost,FALSE
26182,,9 Aug 18,bmro,Quotation Sent,Order Lost,FALSE
26203,,9 Aug 18,bmro,Quotation Sent,Order Lost,FALSE
26216,,9 Aug 18,bmro,Quotation Sent,Order Lost,FALSE
26195,,9 Aug 18,bmro,Quotation Sent,Order Lost,FALSE
26150,,8 Aug 18,bmro,Quotation Sent,Order Lost,FALSE
26168,,8 Aug 18,bmro,Quotation Sent,Order Lost,FALSE
26140,,8 Aug 18,bmro,Quotation Sent,Order Lost,FALSE
26144,,8 Aug 18,bmro,Quotation Sent,Order Lost,FALSE
26165,,8 Aug 18,bmro,Quotation Sent,Order Lost,FALSE
26176,,8 Aug 18,bmro,Quotation Sent,Order Lost,FALSE
26170,,8 Aug 18,bmro,Quotation Sent,Order Lost,FALSE
26100,,7 Aug 18,bmro,Quotation Sent,Order Lost,FALSE
26098,,7 Aug 18,bmro,Quotation Sent,Order Lost,FALSE
26118,,7 Aug 18,bmro,Quotation Sent,Order Lost,FALSE
26101,,7 Aug 18,bmro,Quotation Sent,Order Lost,FALSE
26102,,7 Aug 18,bmro,Quotation Sent,Order Lost,FALSE
26114,,7 Aug 18,bmro,Quotation Sent,Order Lost,FALSE
26124,,7 Aug 18,bmro,Quotation Sent,Order Lost,FALSE
26116,,7 Aug 18,bmro,Quotation Sent,Order Lost,FALSE
26097,,7 Aug 18,bmro,Quotation Sent,Order Lost,FALSE
26127,,7 Aug 18,bmro,Quotation Sent,Order Lost,FALSE
26133,,7 Aug 18,bmro,Quotation Sent,Order Lost,FALSE
26096,,7 Aug 18,bmro,Quotation Sent,Order Lost,FALSE
26130,,7 Aug 18,bmro,Quotation Sent,Order Lost,FALSE
26136,,7 Aug 18,bmro,Quotation Sent,Order Lost,FALSE
26087,,6 Aug 18,bmro,Quotation Sent,Order Lost,FALSE
26035,,6 Aug 18,bmro,Quotation Sent,Order Lost,FALSE
26050,,6 Aug 18,bmro,Quotation Sent,Order Lost,FALSE
26054,,6 Aug 18,bmro,Quotation Sent,Order Lost,FALSE
26032,,6 Aug 18,bmro,Quotation Sent,Order Lost,FALSE
26075,,6 Aug 18,bmro,Quotation Sent,Order Lost,FALSE
26046,,6 Aug 18,bmro,Quotation Sent,Order Lost,FALSE
26078,,6 Aug 18,bmro,Quotation Sent,Order Lost,FALSE
26049,,6 Aug 18,bmro,Quotation Sent,Order Lost,FALSE
26069,,6 Aug 18,bmro,Quotation Sent,Order Lost,FALSE
26038,,6 Aug 18,bmro,Quotation Sent,Order Lost,FALSE
26063,,6 Aug 18,bmro,Quotation Sent,Order Lost,FALSE
26073,,6 Aug 18,bmro,Quotation Sent,Order Lost,FALSE
26083,,6 Aug 18,bmro,Quotation Sent,Regret,FALSE
26061,,6 Aug 18,bmro,Quotation Sent,Order Lost,FALSE
25986,,2 Aug 18,bmro,Quotation Sent,Order Lost,FALSE
26010,,2 Aug 18,bmro,Quotation Sent,Order Lost,FALSE
26000,,2 Aug 18,bmro,Quotation Sent,Order Lost,FALSE
26024,,2 Aug 18,bmro,Quotation Sent,Order Lost,FALSE
26028,,2 Aug 18,bmro,Quotation Sent,Order Lost,FALSE
26029,,2 Aug 18,bmro,Quotation Sent,Order Lost,FALSE
25996,,2 Aug 18,bmro,Quotation Sent,Order Lost,FALSE
26001,,2 Aug 18,bmro,Quotation Sent,Order Lost,FALSE
25992,,2 Aug 18,bmro,Quotation Sent,Order Lost,FALSE
25968,,1 Aug 18,bmro,Quotation Sent,Order Lost,FALSE
25963,,1 Aug 18,bmro,Quotation Sent,Order Lost,FALSE
25980,,1 Aug 18,bmro,Quotation Sent,Order Lost,FALSE
25964,,1 Aug 18,bmro,Quotation Sent,Regret,FALSE
25931,,31 Jul 18,bmro,Quotation Sent,Order Lost,FALSE
25936,,31 Jul 18,bmro,Quotation Sent,Order Lost,FALSE
25937,,31 Jul 18,bmro,Quotation Sent,Order Lost,FALSE
25943,,31 Jul 18,bmro,Quotation Sent,Order Lost,FALSE
25930,,31 Jul 18,bmro,Quotation Sent,Order Lost,FALSE
25942,,31 Jul 18,bmro,Quotation Sent,Order Lost,FALSE
25946,,31 Jul 18,bmro,Quotation Sent,Order Lost,FALSE
25948,,31 Jul 18,bmro,Quotation Sent,Order Lost,FALSE
25913,,30 Jul 18,bmro,Quotation Sent,Order Lost,FALSE
25912,,30 Jul 18,bmro,Quotation Sent,Order Lost,FALSE
25904,,30 Jul 18,bmro,Quotation Sent,Order Lost,FALSE
25908,,30 Jul 18,bmro,Quotation Sent,Order Lost,FALSE
25915,,30 Jul 18,bmro,Quotation Sent,Order Lost,FALSE
25893,,30 Jul 18,bmro,Quotation Sent,Order Lost,FALSE
25900,,30 Jul 18,bmro,Quotation Sent,Order Lost,FALSE
25921,,30 Jul 18,bmro,Quotation Sent,Order Lost,FALSE
25923,,30 Jul 18,bmro,Quotation Sent,Order Lost,FALSE
25866,,30 Jul 18,bmro,Quotation Sent,Order Lost,FALSE
25869,,30 Jul 18,bmro,Quotation Sent,Regret,FALSE
25899,,30 Jul 18,bmro,Quotation Sent,Order Lost,FALSE
25862,,29 Jul 18,bmro,Quotation Sent,Order Lost,FALSE
25863,,29 Jul 18,bmro,Quotation Sent,Order Lost,FALSE
25860,,28 Jul 18,bmro,Quotation Sent,Order Lost,FALSE
25829,,27 Jul 18,bmro,Quotation Sent,Order Lost,FALSE
25844,,27 Jul 18,bmro,Quotation Sent,Order Lost,FALSE
25847,,27 Jul 18,bmro,Quotation Sent,Order Lost,FALSE
25833,,27 Jul 18,bmro,Quotation Sent,Order Lost,FALSE
25799,,26 Jul 18,bmro,Expected Order,Order Lost,FALSE
25810,,26 Jul 18,bmro,Quotation Sent,Order Lost,FALSE
25807,,26 Jul 18,bmro,Quotation Sent,Order Lost,FALSE
25821,,26 Jul 18,bmro,Quotation Sent,Order Lost,FALSE
25820,,26 Jul 18,bmro,Quotation Sent,Order Lost,FALSE
25808,,26 Jul 18,bmro,Quotation Sent,Order Lost,FALSE
25763,,25 Jul 18,bmro,Order Lost,Regret,FALSE
25782,,25 Jul 18,bmro,Quotation Sent,Order Lost,FALSE
25761,,25 Jul 18,bmro,Quotation Sent,Order Lost,FALSE
25766,,25 Jul 18,bmro,Quotation Sent,Order Lost,FALSE
25762,,25 Jul 18,bmro,Quotation Sent,Order Lost,FALSE
25770,,25 Jul 18,bmro,Quotation Sent,Order Lost,FALSE
25771,,25 Jul 18,bmro,Quotation Sent,Order Lost,FALSE
25778,,25 Jul 18,bmro,Quotation Sent,Order Lost,FALSE
25783,,25 Jul 18,bmro,Quotation Sent,Order Lost,FALSE
25785,,25 Jul 18,bmro,Quotation Sent,Order Lost,FALSE
25772,,25 Jul 18,bmro,Quotation Sent,Order Lost,FALSE
25787,,25 Jul 18,bmro,Quotation Sent,Order Lost,FALSE
25779,,25 Jul 18,bmro,Quotation Sent,Order Lost,FALSE
25746,,24 Jul 18,bmro,Quotation Sent,Order Lost,FALSE
25757,,24 Jul 18,bmro,Quotation Sent,Order Lost,FALSE
25721,,24 Jul 18,bmro,Quotation Sent,Order Lost,FALSE
25741,,24 Jul 18,bmro,Quotation Sent,Order Lost,FALSE
25738,,24 Jul 18,bmro,Quotation Sent,Order Lost,FALSE
25742,,24 Jul 18,bmro,Quotation Sent,Order Lost,FALSE
25747,,24 Jul 18,bmro,Quotation Sent,Order Lost,FALSE
25751,,24 Jul 18,bmro,Quotation Sent,Order Lost,FALSE
25753,,24 Jul 18,bmro,Quotation Sent,Order Lost,FALSE
25720,,24 Jul 18,bmro,Quotation Sent,Order Lost,FALSE
25740,,24 Jul 18,bmro,Quotation Sent,Order Lost,FALSE
25678,,23 Jul 18,bmro,Quotation Sent,Order Lost,FALSE
25684,,23 Jul 18,bmro,Quotation Sent,Order Lost,FALSE
25672,,23 Jul 18,bmro,Quotation Sent,Order Lost,FALSE
25703,,23 Jul 18,bmro,Quotation Sent,Order Lost,FALSE
25701,,23 Jul 18,bmro,Quotation Sent,Order Lost,FALSE
25680,,23 Jul 18,bmro,Quotation Sent,Order Lost,FALSE
25670,,23 Jul 18,bmro,Quotation Sent,Order Lost,FALSE
25675,,23 Jul 18,bmro,Quotation Sent,Order Lost,FALSE
25676,,23 Jul 18,bmro,Quotation Sent,Order Lost,FALSE
25688,,23 Jul 18,bmro,Quotation Sent,Order Lost,FALSE
25710,,23 Jul 18,bmro,Quotation Sent,Order Lost,FALSE
25713,,23 Jul 18,bmro,Quotation Sent,Order Lost,FALSE
25709,,23 Jul 18,bmro,Quotation Sent,Order Lost,FALSE
25662,,21 Jul 18,bmro,Quotation Sent,Order Lost,FALSE
25660,,21 Jul 18,bmro,Quotation Sent,Regret,FALSE
25661,,21 Jul 18,bmro,Quotation Sent,Order Lost,FALSE
25665,,21 Jul 18,bmro,Quotation Sent,Order Lost,FALSE
25664,,21 Jul 18,bmro,Quotation Sent,Order Lost,FALSE
25651,,20 Jul 18,bmro,Quotation Sent,Order Lost,FALSE
25637,,20 Jul 18,bmro,Quotation Sent,Order Lost,FALSE
25630,,20 Jul 18,bmro,Quotation Sent,Order Lost,FALSE
25625,,20 Jul 18,bmro,Quotation Sent,Order Lost,FALSE
25620,,20 Jul 18,bmro,Quotation Sent,Regret,FALSE
25626,,20 Jul 18,bmro,Quotation Sent,Order Lost,FALSE
25627,,20 Jul 18,bmro,Quotation Sent,Order Lost,FALSE
25640,,20 Jul 18,bmro,Quotation Sent,Order Lost,FALSE
25631,,20 Jul 18,bmro,Quotation Sent,Order Lost,FALSE
25644,,20 Jul 18,bmro,Quotation Sent,Order Lost,FALSE
25632,,20 Jul 18,bmro,Quotation Sent,Order Lost,FALSE
25606,,19 Jul 18,bmro,Quotation Sent,Order Lost,FALSE
25594,,19 Jul 18,bmro,Quotation Sent,Order Lost,FALSE
25585,,19 Jul 18,bmro,Order Lost,Regret,FALSE
25595,,19 Jul 18,bmro,Quotation Sent,Order Lost,FALSE
25592,,19 Jul 18,bmro,Quotation Sent,Order Lost,FALSE
25597,,19 Jul 18,bmro,Quotation Sent,Order Lost,FALSE
25596,,19 Jul 18,bmro,Quotation Sent,Order Lost,FALSE
25602,,19 Jul 18,bmro,Quotation Sent,Order Lost,FALSE
25607,,19 Jul 18,bmro,Quotation Sent,Order Lost,FALSE
25599,,19 Jul 18,bmro,Quotation Sent,Order Lost,FALSE
25609,,19 Jul 18,bmro,Quotation Sent,Order Lost,FALSE
25614,,19 Jul 18,bmro,Quotation Sent,Order Lost,FALSE
25604,,19 Jul 18,bmro,Quotation Sent,Order Lost,FALSE
25612,,19 Jul 18,bmro,Quotation Sent,Order Lost,FALSE
25566,,18 Jul 18,bmro,Expected Order,Order Lost,FALSE
25549,,18 Jul 18,bmro,Quotation Sent,Order Lost,FALSE
25570,,18 Jul 18,bmro,Quotation Sent,Order Lost,FALSE
25577,,18 Jul 18,bmro,Quotation Sent,Order Lost,FALSE
25559,,18 Jul 18,bmro,Quotation Sent,Order Lost,FALSE
25543,,18 Jul 18,bmro,Quotation Sent,Order Lost,FALSE
25546,,18 Jul 18,bmro,Quotation Sent,Order Lost,FALSE
25557,,18 Jul 18,bmro,Quotation Sent,Order Lost,FALSE
25547,,18 Jul 18,bmro,Quotation Sent,Order Lost,FALSE
25558,,18 Jul 18,bmro,Quotation Sent,Order Lost,FALSE
25553,,18 Jul 18,bmro,Quotation Sent,Order Lost,FALSE
25576,,18 Jul 18,bmro,Quotation Sent,Order Lost,FALSE
25498,,17 Jul 18,bmro,Quotation Sent,Order Lost,FALSE
25518,,17 Jul 18,bmro,Quotation Sent,Regret,FALSE
25531,,17 Jul 18,bmro,Quotation Sent,Order Lost,FALSE
25500,,17 Jul 18,bmro,Quotation Sent,Order Lost,FALSE
25501,,17 Jul 18,bmro,Quotation Sent,Order Lost,FALSE
25508,,17 Jul 18,bmro,Quotation Sent,Order Lost,FALSE
25505,,17 Jul 18,bmro,Quotation Sent,Order Lost,FALSE
25515,,17 Jul 18,bmro,Quotation Sent,Order Lost,FALSE
25510,,17 Jul 18,bmro,Quotation Sent,Order Lost,FALSE
25521,,17 Jul 18,bmro,Quotation Sent,Order Lost,FALSE
25463,,16 Jul 18,bmro,Quotation Sent,Order Lost,FALSE
25486,,16 Jul 18,bmro,Quotation Sent,Order Lost,FALSE
25487,,16 Jul 18,bmro,Quotation Sent,Order Lost,FALSE
25455,,16 Jul 18,bmro,Quotation Sent,Order Lost,FALSE
25485,,16 Jul 18,bmro,Quotation Sent,Order Lost,FALSE
25484,,16 Jul 18,bmro,Quotation Sent,Order Lost,FALSE
25490,,16 Jul 18,bmro,Quotation Sent,Order Lost,FALSE
25494,,16 Jul 18,bmro,Quotation Sent,Order Lost,FALSE
25465,,16 Jul 18,bmro,Quotation Sent,Order Lost,FALSE
25482,,16 Jul 18,bmro,Quotation Sent,Order Lost,FALSE
25453,,16 Jul 18,bmro,Quotation Sent,Order Lost,FALSE
25457,,16 Jul 18,bmro,Quotation Sent,Order Lost,FALSE
25459,,16 Jul 18,bmro,Quotation Sent,Order Lost,FALSE
25492,,16 Jul 18,bmro,Quotation Sent,Order Lost,FALSE
25460,,16 Jul 18,bmro,Quotation Sent,Order Lost,FALSE
25462,,16 Jul 18,bmro,Quotation Sent,Order Lost,FALSE
25469,,16 Jul 18,bmro,Quotation Sent,Regret,FALSE
25444,,14 Jul 18,bmro,Quotation Sent,Order Lost,FALSE
25447,,14 Jul 18,bmro,Quotation Sent,Order Lost,FALSE
25443,,14 Jul 18,bmro,Quotation Sent,Order Lost,FALSE
25433,,13 Jul 18,bmro,Order Lost,Regret,FALSE
25405,,13 Jul 18,bmro,Quotation Sent,Order Lost,FALSE
25396,,13 Jul 18,bmro,Quotation Sent,Order Lost,FALSE
25419,,13 Jul 18,bmro,Quotation Sent,Order Lost,FALSE
25411,,13 Jul 18,bmro,Quotation Sent,Order Lost,FALSE
25420,,13 Jul 18,bmro,Quotation Sent,Order Lost,FALSE
25415,,13 Jul 18,bmro,Quotation Sent,Order Lost,FALSE
25426,,13 Jul 18,bmro,Quotation Sent,Order Lost,FALSE
25404,,13 Jul 18,bmro,Quotation Sent,Order Lost,FALSE
25407,,13 Jul 18,bmro,Quotation Sent,Order Lost,FALSE
25437,,13 Jul 18,bmro,Quotation Sent,Regret,FALSE
25429,10610618,13 Jul 18,bmro,Order Won,Order Lost,FALSE
25425,,13 Jul 18,bmro,Quotation Sent,Order Lost,FALSE
25398,,13 Jul 18,bmro,Quotation Sent,Order Lost,FALSE
25418,,13 Jul 18,bmro,Quotation Sent,Order Lost,FALSE
25379,,12 Jul 18,bmro,Quotation Sent,Order Lost,FALSE
25363,,12 Jul 18,bmro,Quotation Sent,Order Lost,FALSE
25364,,12 Jul 18,bmro,Quotation Sent,Order Lost,FALSE
25377,,12 Jul 18,bmro,Quotation Sent,Order Lost,FALSE
25366,,12 Jul 18,bmro,Quotation Sent,Order Lost,FALSE
25372,,12 Jul 18,bmro,Quotation Sent,Order Lost,FALSE
25381,,12 Jul 18,bmro,Quotation Sent,Order Lost,FALSE
25386,,12 Jul 18,bmro,Quotation Sent,Regret,FALSE
25374,,12 Jul 18,bmro,Quotation Sent,Order Lost,FALSE
25323,,11 Jul 18,bmro,Expected Order,Order Lost,FALSE
25356,,11 Jul 18,bmro,Quotation Sent,Regret,FALSE
25333,,11 Jul 18,bmro,Quotation Sent,Order Lost,FALSE
25344,,11 Jul 18,bmro,Quotation Sent,Order Lost,FALSE
25341,,11 Jul 18,bmro,Quotation Sent,Order Lost,FALSE
25306,,10 Jul 18,bmro,Quotation Sent,Order Lost,FALSE
25299,,10 Jul 18,bmro,Quotation Sent,Order Lost,FALSE
25309,,10 Jul 18,bmro,Quotation Sent,Order Lost,FALSE
25312,,10 Jul 18,bmro,Quotation Sent,Order Lost,FALSE
25315,,10 Jul 18,bmro,Quotation Sent,Order Lost,FALSE
25317,,10 Jul 18,bmro,Quotation Sent,Order Lost,FALSE
25300,,10 Jul 18,bmro,Quotation Sent,Order Lost,FALSE
25293,,10 Jul 18,bmro,Quotation Sent,Order Lost,FALSE
25264,,9 Jul 18,bmro,Quotation Sent,Order Lost,FALSE
25263,,9 Jul 18,bmro,Quotation Sent,Order Lost,FALSE
25280,,9 Jul 18,bmro,Quotation Sent,Order Lost,FALSE
25279,,9 Jul 18,bmro,Quotation Sent,Regret,FALSE
25282,,9 Jul 18,bmro,Quotation Sent,Order Lost,FALSE
25285,,9 Jul 18,bmro,Quotation Sent,Order Lost,FALSE
25287,,9 Jul 18,bmro,Quotation Sent,Order Lost,FALSE
25265,,9 Jul 18,bmro,Quotation Sent,Order Lost,FALSE
25275,,9 Jul 18,bmro,Quotation Sent,Order Lost,FALSE
25270,,9 Jul 18,bmro,Quotation Sent,Regret,FALSE
25288,,9 Jul 18,bmro,Quotation Sent,Order Lost,FALSE
25269,,9 Jul 18,bmro,Quotation Sent,Order Lost,FALSE
25257,,7 Jul 18,bmro,Quotation Sent,Order Lost,FALSE
25249,,7 Jul 18,bmro,Quotation Sent,Order Lost,FALSE
25246,,7 Jul 18,bmro,Quotation Sent,Order Lost,FALSE
25252,,7 Jul 18,bmro,Quotation Sent,Order Lost,FALSE
25258,,7 Jul 18,bmro,Quotation Sent,Order Lost,FALSE
25256,,7 Jul 18,bmro,Quotation Sent,Order Lost,FALSE
25224,,6 Jul 18,bmro,Quotation Sent,Order Lost,FALSE
25207,,6 Jul 18,bmro,Quotation Sent,Order Lost,FALSE
25229,,6 Jul 18,bmro,Quotation Sent,Order Lost,FALSE
25232,,6 Jul 18,bmro,Quotation Sent,Order Lost,FALSE
25205,,6 Jul 18,bmro,Quotation Sent,Order Lost,FALSE
25213,,6 Jul 18,bmro,Quotation Sent,Order Lost,FALSE
25242,,6 Jul 18,bmro,Quotation Sent,Order Lost,FALSE
25230,,6 Jul 18,bmro,Quotation Sent,Order Lost,FALSE
25241,,6 Jul 18,bmro,Quotation Sent,Order Lost,FALSE
25174,,5 Jul 18,bmro,Quotation Sent,Order Lost,FALSE
25181,,5 Jul 18,bmro,Quotation Sent,Order Lost,FALSE
25194,,5 Jul 18,bmro,Quotation Sent,Order Lost,FALSE
25183,,5 Jul 18,bmro,Quotation Sent,Order Lost,FALSE
25199,,5 Jul 18,bmro,Quotation Sent,Order Lost,FALSE
25173,,5 Jul 18,bmro,Quotation Sent,Order Lost,FALSE
25156,,4 Jul 18,bmro,Quotation Sent,Order Lost,FALSE
25127,,4 Jul 18,bmro,Quotation Sent,Regret,FALSE
25128,,4 Jul 18,bmro,Quotation Sent,Regret,FALSE
25163,,4 Jul 18,bmro,Quotation Sent,Order Lost,FALSE
25149,,4 Jul 18,bmro,Quotation Sent,Order Lost,FALSE
25124,,4 Jul 18,bmro,Quotation Sent,Order Lost,FALSE
25143,,4 Jul 18,bmro,Quotation Sent,Order Lost,FALSE
25164,,4 Jul 18,bmro,Quotation Sent,Order Lost,FALSE
25158,,4 Jul 18,bmro,Quotation Sent,Order Lost,FALSE
25159,,4 Jul 18,bmro,Quotation Sent,Regret,FALSE
25147,,4 Jul 18,bmro,Quotation Sent,Order Lost,FALSE
25141,,4 Jul 18,bmro,Quotation Sent,Order Lost,FALSE
25126,,4 Jul 18,bmro,Quotation Sent,Order Lost,FALSE
25161,,4 Jul 18,bmro,Quotation Sent,Order Lost,FALSE
25145,,4 Jul 18,bmro,Quotation Sent,Order Lost,FALSE
25154,,4 Jul 18,bmro,Quotation Sent,Order Lost,FALSE
25118,,3 Jul 18,bmro,Quotation Sent,Order Lost,FALSE
25113,,3 Jul 18,bmro,Quotation Sent,Regret,FALSE
25108,,3 Jul 18,bmro,Quotation Sent,Order Lost,FALSE
25115,,3 Jul 18,bmro,Quotation Sent,Order Lost,FALSE
25107,,3 Jul 18,bmro,Quotation Sent,Order Lost,FALSE
25075,,2 Jul 18,bmro,Quotation Sent,Order Lost,FALSE
25074,,2 Jul 18,bmro,Quotation Sent,Order Lost,FALSE
25079,,2 Jul 18,bmro,Quotation Sent,Order Lost,FALSE
25078,,2 Jul 18,bmro,Quotation Sent,Order Lost,FALSE
25082,,2 Jul 18,bmro,Quotation Sent,Order Lost,FALSE
25041,,30 Jun 18,bmro,Quotation Sent,Order Lost,FALSE
25040,,30 Jun 18,bmro,Quotation Sent,Order Lost,FALSE
25045,,30 Jun 18,bmro,Quotation Sent,Order Lost,FALSE
25036,,30 Jun 18,bmro,Quotation Sent,Order Lost,FALSE
25034,,30 Jun 18,bmro,Quotation Sent,Order Lost,FALSE
25050,,30 Jun 18,bmro,Quotation Sent,Order Lost,FALSE
25037,,30 Jun 18,bmro,Quotation Sent,Order Lost,FALSE
25028,,29 Jun 18,bmro,Quotation Sent,Order Lost,FALSE
25016,,29 Jun 18,bmro,Quotation Sent,Order Lost,FALSE
25032,,29 Jun 18,bmro,Quotation Sent,Order Lost,FALSE
25004,,29 Jun 18,bmro,Quotation Sent,Regret,FALSE
25019,,29 Jun 18,bmro,Quotation Sent,Order Lost,FALSE
25027,,29 Jun 18,bmro,Quotation Sent,Order Lost,FALSE
25030,,29 Jun 18,bmro,Quotation Sent,Regret,FALSE
25023,,29 Jun 18,bmro,Quotation Sent,Order Lost,FALSE
25024,,29 Jun 18,bmro,Quotation Sent,Order Lost,FALSE
25002,,29 Jun 18,bmro,Quotation Sent,Order Lost,FALSE
25018,,29 Jun 18,bmro,Quotation Sent,Order Lost,FALSE
25006,,29 Jun 18,bmro,Quotation Sent,Order Lost,FALSE
21483,,28 Jun 18,bmro,Quotation Sent,Order Lost,FALSE
21497,,28 Jun 18,bmro,Quotation Sent,Order Lost,FALSE
21495,,28 Jun 18,bmro,Quotation Sent,Order Lost,FALSE
21498,,28 Jun 18,bmro,Quotation Sent,Order Lost,FALSE
21505,,28 Jun 18,bmro,Quotation Sent,Order Lost,FALSE
21493,,28 Jun 18,bmro,Quotation Sent,Order Lost,FALSE
21474,,27 Jun 18,bmro,Quotation Sent,Order Lost,FALSE
21472,,27 Jun 18,bmro,Quotation Sent,Order Lost,FALSE
21457,,27 Jun 18,bmro,Quotation Sent,Regret,FALSE
21467,,27 Jun 18,bmro,Quotation Sent,Order Lost,FALSE
21444,,27 Jun 18,bmro,Quotation Sent,Order Lost,FALSE
21461,,27 Jun 18,bmro,Quotation Sent,Order Lost,FALSE
21420,,26 Jun 18,bmro,Quotation Sent,Order Lost,FALSE
21414,,26 Jun 18,bmro,Quotation Sent,Regret,FALSE
21430,,26 Jun 18,bmro,Quotation Sent,Order Lost,FALSE
21415,,26 Jun 18,bmro,Quotation Sent,Order Lost,FALSE
21410,,26 Jun 18,bmro,Quotation Sent,Order Lost,FALSE
21428,,26 Jun 18,bmro,Quotation Sent,Order Lost,FALSE
21412,,26 Jun 18,bmro,Quotation Sent,Order Lost,FALSE
21418,,26 Jun 18,bmro,Quotation Sent,Order Lost,FALSE
21417,,26 Jun 18,bmro,Quotation Sent,Order Lost,FALSE
21396,,25 Jun 18,bmro,Quotation Sent,Regret,FALSE
21394,,25 Jun 18,bmro,Quotation Sent,Order Lost,FALSE
21380,,25 Jun 18,bmro,Quotation Sent,Order Lost,FALSE
21398,,25 Jun 18,bmro,Quotation Sent,Order Lost,FALSE
21402,,25 Jun 18,bmro,Quotation Sent,Order Lost,FALSE
21377,,25 Jun 18,bmro,Quotation Sent,Order Lost,FALSE
21379,,25 Jun 18,bmro,Quotation Sent,Order Lost,FALSE
21375,,24 Jun 18,bmro,Quotation Sent,Order Lost,FALSE
21343,,22 Jun 18,bmro,Quotation Sent,Order Lost,FALSE
21363,,22 Jun 18,bmro,Quotation Sent,Order Lost,FALSE
21355,,22 Jun 18,bmro,Quotation Sent,Order Lost,FALSE
21345,,22 Jun 18,bmro,Quotation Sent,Order Lost,FALSE
21341,,22 Jun 18,bmro,Quotation Sent,Order Lost,FALSE
21352,,22 Jun 18,bmro,Quotation Sent,Order Lost,FALSE
21344,,22 Jun 18,bmro,Quotation Sent,Order Lost,FALSE
21351,,22 Jun 18,bmro,Quotation Sent,Order Lost,FALSE
21362,,22 Jun 18,bmro,Quotation Sent,Order Lost,FALSE
21346,,22 Jun 18,bmro,Quotation Sent,Regret,FALSE
21357,,22 Jun 18,bmro,Quotation Sent,Regret,FALSE
21368,,22 Jun 18,bmro,Quotation Sent,Order Lost,FALSE
21358,,22 Jun 18,bmro,Quotation Sent,Regret,FALSE
21348,,22 Jun 18,bmro,Quotation Sent,Order Lost,FALSE
21327,,21 Jun 18,bmro,Quotation Sent,Order Lost,FALSE
21324,,21 Jun 18,bmro,Quotation Sent,Order Lost,FALSE
21330,,21 Jun 18,bmro,Quotation Sent,Order Lost,FALSE
21320,,21 Jun 18,bmro,Quotation Sent,Order Lost,FALSE
21334,,21 Jun 18,bmro,Quotation Sent,Order Lost,FALSE
21321,,21 Jun 18,bmro,Quotation Sent,Order Lost,FALSE
21335,,21 Jun 18,bmro,Quotation Sent,Order Lost,FALSE
21333,,21 Jun 18,bmro,Quotation Sent,Order Lost,FALSE
21323,,21 Jun 18,bmro,Quotation Sent,Order Lost,FALSE
21322,,21 Jun 18,bmro,Quotation Sent,Order Lost,FALSE
21308,,20 Jun 18,bmro,Quotation Sent,Order Lost,FALSE
21290,,20 Jun 18,bmro,Quotation Sent,Order Lost,FALSE
21314,,20 Jun 18,bmro,Quotation Sent,Order Lost,FALSE
21291,,20 Jun 18,bmro,Order Lost,Regret,FALSE
21306,,20 Jun 18,bmro,Quotation Sent,Regret,FALSE
21288,,20 Jun 18,bmro,Quotation Sent,Order Lost,FALSE
21318,,20 Jun 18,bmro,Quotation Sent,Order Lost,FALSE
21299,,20 Jun 18,bmro,Quotation Sent,Order Lost,FALSE
21298,,20 Jun 18,bmro,Quotation Sent,Order Lost,FALSE
21300,,20 Jun 18,bmro,Quotation Sent,Order Lost,FALSE
21303,,20 Jun 18,bmro,Quotation Sent,Order Lost,FALSE
21266,,19 Jun 18,bmro,Quotation Sent,Order Lost,FALSE
21259,,19 Jun 18,bmro,Quotation Sent,Order Lost,FALSE
21277,,19 Jun 18,bmro,Quotation Sent,Regret,FALSE
21257,,19 Jun 18,bmro,Quotation Sent,Order Lost,FALSE
21251,,19 Jun 18,bmro,Quotation Sent,Order Lost,FALSE
21263,,19 Jun 18,bmro,Quotation Sent,Order Lost,FALSE
21258,,19 Jun 18,bmro,Quotation Sent,Order Lost,FALSE
21280,,19 Jun 18,bmro,Quotation Sent,Order Lost,FALSE
21282,,19 Jun 18,bmro,Quotation Sent,Order Lost,FALSE
21256,,19 Jun 18,bmro,Quotation Sent,Order Lost,FALSE
21281,,19 Jun 18,bmro,Quotation Sent,Regret,FALSE
21271,,19 Jun 18,bmro,Expected Order,Order Lost,FALSE
21265,,19 Jun 18,bmro,Quotation Sent,Order Lost,FALSE
21222,,18 Jun 18,bmro,Quotation Sent,Order Lost,FALSE
21237,,18 Jun 18,bmro,Quotation Sent,Order Lost,FALSE
21234,,18 Jun 18,bmro,Quotation Sent,Order Lost,FALSE
21239,,18 Jun 18,bmro,Quotation Sent,Order Lost,FALSE
21246,,18 Jun 18,bmro,Quotation Sent,Order Lost,FALSE
21238,,18 Jun 18,bmro,Quotation Sent,Order Lost,FALSE
21235,,18 Jun 18,bmro,Quotation Sent,Order Lost,FALSE
21218,,16 Jun 18,bmro,Quotation Sent,Order Lost,FALSE
21212,,16 Jun 18,bmro,Quotation Sent,Order Lost,FALSE
21175,,15 Jun 18,bmro,Quotation Sent,Order Lost,FALSE
21185,,15 Jun 18,bmro,Quotation Sent,Order Lost,FALSE
21203,,15 Jun 18,bmro,Quotation Sent,Order Lost,FALSE
21180,,15 Jun 18,bmro,Quotation Sent,Order Lost,FALSE
21199,,15 Jun 18,bmro,Quotation Sent,Order Lost,FALSE
21177,,15 Jun 18,bmro,Quotation Sent,Order Lost,FALSE
21200,,15 Jun 18,bmro,Quotation Sent,Order Lost,FALSE
21198,,15 Jun 18,bmro,Quotation Sent,Order Lost,FALSE
21197,,15 Jun 18,bmro,Quotation Sent,Order Lost,FALSE
21166,,14 Jun 18,bmro,Quotation Sent,Order Lost,FALSE
21160,,14 Jun 18,bmro,Quotation Sent,Order Lost,FALSE
21152,,14 Jun 18,bmro,Quotation Sent,Order Lost,FALSE
21173,,14 Jun 18,bmro,Quotation Sent,Order Lost,FALSE
21164,,14 Jun 18,bmro,Quotation Sent,Order Lost,FALSE
21158,,14 Jun 18,bmro,Quotation Sent,Order Lost,FALSE
21148,,14 Jun 18,bmro,Quotation Sent,Order Lost,FALSE
21168,,14 Jun 18,bmro,Quotation Sent,Order Lost,FALSE
21167,,14 Jun 18,bmro,Quotation Sent,Order Lost,FALSE
21155,,14 Jun 18,bmro,Quotation Sent,Order Lost,FALSE
21157,,14 Jun 18,bmro,Quotation Sent,Order Lost,FALSE
21112,,13 Jun 18,bmro,Quotation Sent,Order Lost,FALSE
21129,,13 Jun 18,bmro,Quotation Sent,Order Lost,FALSE
21114,,13 Jun 18,bmro,Quotation Sent,Regret,FALSE
21116,,13 Jun 18,bmro,Quotation Sent,Order Lost,FALSE
21125,,13 Jun 18,bmro,Quotation Sent,Order Lost,FALSE
21133,,13 Jun 18,bmro,Quotation Sent,Order Lost,FALSE
21131,,13 Jun 18,bmro,Quotation Sent,Order Lost,FALSE
21098,,12 Jun 18,bmro,Quotation Sent,Order Lost,FALSE
21085,,12 Jun 18,bmro,Quotation Sent,Order Lost,FALSE
21079,,12 Jun 18,bmro,Expected Order,Order Lost,FALSE
21071,,12 Jun 18,bmro,Quotation Sent,Order Lost,FALSE
21094,,12 Jun 18,bmro,Quotation Sent,Order Lost,FALSE
21089,,12 Jun 18,bmro,Quotation Sent,Order Lost,FALSE
21056,,11 Jun 18,bmro,Quotation Sent,Order Lost,FALSE
21041,,11 Jun 18,bmro,Quotation Sent,Order Lost,FALSE
21058,,11 Jun 18,bmro,Quotation Sent,Order Lost,FALSE
21064,,11 Jun 18,bmro,Quotation Sent,Order Lost,FALSE
21057,,11 Jun 18,bmro,Quotation Sent,Order Lost,FALSE
21055,,11 Jun 18,bmro,Quotation Sent,Order Lost,FALSE
21051,,11 Jun 18,bmro,Quotation Sent,Order Lost,FALSE
21053,,11 Jun 18,bmro,Quotation Sent,Order Lost,FALSE
21039,,8 Jun 18,bmro,Quotation Sent,Order Lost,FALSE
21027,,8 Jun 18,bmro,Quotation Sent,Order Lost,FALSE
21031,,8 Jun 18,bmro,Quotation Sent,Order Lost,FALSE
21029,,8 Jun 18,bmro,Quotation Sent,Order Lost,FALSE
21032,,8 Jun 18,bmro,Quotation Sent,Order Lost,FALSE
21002,,7 Jun 18,bmro,Quotation Sent,Order Lost,FALSE
20998,,7 Jun 18,bmro,Quotation Sent,Order Lost,FALSE
21008,,7 Jun 18,bmro,Quotation Sent,Order Lost,FALSE
21007,,7 Jun 18,bmro,Quotation Sent,Order Lost,FALSE
21010,,7 Jun 18,bmro,Quotation Sent,Regret,FALSE
20985,,7 Jun 18,bmro,Quotation Sent,Order Lost,FALSE
21006,,7 Jun 18,bmro,Quotation Sent,Order Lost,FALSE
20957,,6 Jun 18,bmro,Quotation Sent,Order Lost,FALSE
20968,,6 Jun 18,bmro,Quotation Sent,Order Lost,FALSE
20954,,6 Jun 18,bmro,Quotation Sent,Order Lost,FALSE
20958,,6 Jun 18,bmro,Quotation Sent,Order Lost,FALSE
20962,,6 Jun 18,bmro,Quotation Sent,Order Lost,FALSE
20941,,5 Jun 18,bmro,Quotation Sent,Order Lost,FALSE
20945,,5 Jun 18,bmro,Quotation Sent,Order Lost,FALSE
20932,,5 Jun 18,bmro,Quotation Sent,Order Lost,FALSE
20935,,5 Jun 18,bmro,Quotation Sent,Order Lost,FALSE
20912,,4 Jun 18,bmro,Quotation Sent,Regret,FALSE
20901,,4 Jun 18,bmro,Quotation Sent,Order Lost,FALSE
20922,,4 Jun 18,bmro,Quotation Sent,Order Lost,FALSE
20900,,4 Jun 18,bmro,Quotation Sent,Regret,FALSE
20915,,4 Jun 18,bmro,Quotation Sent,Order Lost,FALSE
20896,,2 Jun 18,bmro,Quotation Sent,Order Lost,FALSE
20897,,2 Jun 18,bmro,Quotation Sent,Order Lost,FALSE
20899,,2 Jun 18,bmro,Quotation Sent,Order Lost,FALSE
20898,,2 Jun 18,bmro,Quotation Sent,Order Lost,FALSE
20889,,2 Jun 18,bmro,Quotation Sent,Order Lost,FALSE
20895,,2 Jun 18,bmro,Quotation Sent,Order Lost,FALSE
20893,,2 Jun 18,bmro,Quotation Sent,Order Lost,FALSE
20894,,2 Jun 18,bmro,Quotation Sent,Order Lost,FALSE
20848,,1 Jun 18,bmro,Quotation Sent,Order Lost,FALSE
20849,"1,06,10,61,41,06,10,610",1 Jun 18,bmro,Order Won,Order Lost,FALSE
20878,,1 Jun 18,bmro,Quotation Sent,Order Lost,FALSE
20856,,1 Jun 18,bmro,Quotation Sent,Order Lost,FALSE
20871,,1 Jun 18,bmro,Quotation Sent,Order Lost,FALSE
20875,,1 Jun 18,bmro,Quotation Sent,Order Lost,FALSE
20870,,1 Jun 18,bmro,Quotation Sent,Order Lost,FALSE
20872,,1 Jun 18,bmro,Quotation Sent,Order Lost,FALSE
20874,,1 Jun 18,bmro,Quotation Sent,Order Lost,FALSE
20863,,1 Jun 18,bmro,Quotation Sent,Order Lost,FALSE
20866,,1 Jun 18,bmro,Quotation Sent,Order Lost,FALSE
20864,,1 Jun 18,bmro,Quotation Sent,Order Lost,FALSE
20868,,1 Jun 18,bmro,Quotation Sent,Order Lost,FALSE
20853,,1 Jun 18,bmro,Quotation Sent,Order Lost,FALSE
20858,,1 Jun 18,bmro,Quotation Sent,Order Lost,FALSE
20861,,1 Jun 18,bmro,Quotation Sent,Order Lost,FALSE
20847,,1 Jun 18,bmro,Quotation Sent,Order Lost,FALSE
20869,,1 Jun 18,bmro,Quotation Sent,Order Lost,FALSE
20865,,1 Jun 18,bmro,Quotation Sent,Order Lost,FALSE
20821,,31 May 18,bmro,Quotation Sent,Regret,FALSE
20815,,31 May 18,bmro,Quotation Sent,Order Lost,FALSE
20816,,31 May 18,bmro,Quotation Sent,Order Lost,FALSE
20810,,31 May 18,bmro,Quotation Sent,Regret,FALSE
20812,,31 May 18,bmro,Quotation Sent,Order Lost,FALSE
20820,,31 May 18,bmro,Quotation Sent,Order Lost,FALSE
20829,,31 May 18,bmro,Quotation Sent,Order Lost,FALSE
20818,,31 May 18,bmro,Quotation Sent,Order Lost,FALSE
20825,,31 May 18,bmro,Quotation Sent,Order Lost,FALSE
20817,,31 May 18,bmro,Quotation Sent,Order Lost,FALSE
20832,,31 May 18,bmro,Quotation Sent,Order Lost,FALSE
20773,,30 May 18,bmro,Quotation Sent,Order Lost,FALSE
20781,,30 May 18,bmro,Quotation Sent,Order Lost,FALSE
20793,,30 May 18,bmro,Quotation Sent,Order Lost,FALSE
20794,,30 May 18,bmro,Quotation Sent,Order Lost,FALSE
20769,,30 May 18,bmro,Quotation Sent,Order Lost,FALSE
20775,,30 May 18,bmro,Quotation Sent,Order Lost,FALSE
20796,,30 May 18,bmro,Quotation Sent,Order Lost,FALSE
20795,,30 May 18,bmro,Quotation Sent,Order Lost,FALSE
20789,,30 May 18,bmro,Quotation Sent,Order Lost,FALSE
20790,,30 May 18,bmro,Quotation Sent,Order Lost,FALSE
20725,,29 May 18,bmro,Quotation Sent,Order Lost,FALSE
20727,,29 May 18,bmro,Quotation Sent,Order Lost,FALSE
20735,,29 May 18,bmro,Quotation Sent,Order Lost,FALSE
20731,,29 May 18,bmro,Quotation Sent,Order Lost,FALSE
20729,,29 May 18,bmro,Quotation Sent,Order Lost,FALSE
20751,,29 May 18,bmro,Quotation Sent,Order Lost,FALSE
20724,,29 May 18,bmro,Quotation Sent,Order Lost,FALSE
20765,,29 May 18,bmro,Quotation Sent,Order Lost,FALSE
20746,,29 May 18,bmro,Quotation Sent,Order Lost,FALSE
20748,,29 May 18,bmro,Quotation Sent,Order Lost,FALSE
20726,,29 May 18,bmro,Quotation Sent,Order Lost,FALSE
20730,,29 May 18,bmro,Quotation Sent,Order Lost,FALSE
20682,,28 May 18,bmro,Quotation Sent,Order Lost,FALSE
20723,,28 May 18,bmro,Quotation Sent,Order Lost,FALSE
20681,,28 May 18,bmro,Quotation Sent,Order Lost,FALSE
20684,,28 May 18,bmro,Quotation Sent,Order Lost,FALSE
20694,,28 May 18,bmro,Quotation Sent,Order Lost,FALSE
20715,,28 May 18,bmro,Quotation Sent,Order Lost,FALSE
20702,,28 May 18,bmro,Quotation Sent,Order Lost,FALSE
20719,,28 May 18,bmro,Quotation Sent,Order Lost,FALSE
20718,,28 May 18,bmro,Quotation Sent,Order Lost,FALSE
20713,,28 May 18,bmro,Quotation Sent,Order Lost,FALSE
20646,,25 May 18,bmro,Quotation Sent,Order Lost,FALSE
20661,,25 May 18,bmro,Quotation Sent,Order Lost,FALSE
20660,,25 May 18,bmro,Quotation Sent,Order Lost,FALSE
20650,,25 May 18,bmro,Quotation Sent,Order Lost,FALSE
20654,,25 May 18,bmro,Quotation Sent,Order Lost,FALSE
20675,,25 May 18,bmro,Quotation Sent,Order Lost,FALSE
20667,,25 May 18,bmro,Quotation Sent,Order Lost,FALSE
20671,,25 May 18,bmro,Quotation Sent,Regret,FALSE
20653,,25 May 18,bmro,Quotation Sent,Order Lost,FALSE
20657,,25 May 18,bmro,Quotation Sent,Order Lost,FALSE
20659,,25 May 18,bmro,Quotation Sent,Order Lost,FALSE
20613,,24 May 18,bmro,Quotation Sent,Order Lost,FALSE
20616,,24 May 18,bmro,Quotation Sent,Order Lost,FALSE
20614,,24 May 18,bmro,Quotation Sent,Order Lost,FALSE
20609,,24 May 18,bmro,Quotation Sent,Order Lost,FALSE
20623,,24 May 18,bmro,Quotation Sent,Order Lost,FALSE
20642,,24 May 18,bmro,Quotation Sent,Order Lost,FALSE
20608,,24 May 18,bmro,Quotation Sent,Order Lost,FALSE
20622,,24 May 18,bmro,Quotation Sent,Order Lost,FALSE
20617,,24 May 18,bmro,Quotation Sent,Order Lost,FALSE
20615,,24 May 18,bmro,Quotation Sent,Order Lost,FALSE
20628,,24 May 18,bmro,Quotation Sent,Order Lost,FALSE
20630,,24 May 18,bmro,Quotation Sent,Order Lost,FALSE
20579,,23 May 18,bmro,Quotation Sent,Order Lost,FALSE
20586,,23 May 18,bmro,Quotation Sent,Order Lost,FALSE
20588,,23 May 18,bmro,Quotation Sent,Order Lost,FALSE
20603,,23 May 18,bmro,Quotation Sent,Order Lost,FALSE
20602,,23 May 18,bmro,Quotation Sent,Order Lost,FALSE
20503,,23 May 18,bmro,Quotation Sent,Order Lost,FALSE
20505,,23 May 18,bmro,Quotation Sent,Order Lost,FALSE
20605,,23 May 18,bmro,Quotation Sent,Order Lost,FALSE
21360,,23 May 18,bmro,Quotation Sent,Order Lost,FALSE
20598,,23 May 18,bmro,Quotation Sent,Order Lost,FALSE
20580,,23 May 18,bmro,Quotation Sent,Order Lost,FALSE
20504,,23 May 18,bmro,Quotation Sent,Order Lost,FALSE
20165,,22 May 18,bmro,Quotation Sent,Order Lost,FALSE
20171,,22 May 18,bmro,Quotation Sent,Regret,FALSE
20497,,22 May 18,bmro,Quotation Sent,Order Lost,FALSE
20496,,22 May 18,bmro,Order Lost,Regret,FALSE
20487,,22 May 18,bmro,Quotation Sent,Order Lost,FALSE
20498,,22 May 18,bmro,Quotation Sent,Order Lost,FALSE
20490,,22 May 18,bmro,Quotation Sent,Order Lost,FALSE
20157,,21 May 18,bmro,Quotation Sent,Order Lost,FALSE
20149,,21 May 18,bmro,Quotation Sent,Order Lost,FALSE
20143,,21 May 18,bmro,Quotation Sent,Order Lost,FALSE
20138,,21 May 18,bmro,Quotation Sent,Regret,FALSE
20134,,21 May 18,bmro,Quotation Sent,Order Lost,FALSE
20136,,21 May 18,bmro,Quotation Sent,Order Lost,FALSE
20137,,21 May 18,bmro,Quotation Sent,Regret,FALSE
20141,,21 May 18,bmro,Quotation Sent,Order Lost,FALSE
20154,,21 May 18,bmro,Quotation Sent,Order Lost,FALSE
20162,,21 May 18,bmro,Quotation Sent,Regret,FALSE
20156,,21 May 18,bmro,Quotation Sent,Order Lost,FALSE
20159,,21 May 18,bmro,Quotation Sent,Order Lost,FALSE
20153,,21 May 18,bmro,Quotation Sent,Order Lost,FALSE
20140,,21 May 18,bmro,Quotation Sent,Order Lost,FALSE
20118,,18 May 18,bmro,Quotation Sent,Order Lost,FALSE
20107,,18 May 18,bmro,Quotation Sent,Order Lost,FALSE
20110,,18 May 18,bmro,Quotation Sent,Order Lost,FALSE
20093,,18 May 18,bmro,Quotation Sent,Order Lost,FALSE
20122,,18 May 18,bmro,Quotation Sent,Order Lost,FALSE
20105,,18 May 18,bmro,Quotation Sent,Order Lost,FALSE
20123,,18 May 18,bmro,Quotation Sent,Order Lost,FALSE
20119,,18 May 18,bmro,Quotation Sent,Order Lost,FALSE
20101,,18 May 18,bmro,Quotation Sent,Order Lost,FALSE
20077,,17 May 18,bmro,Quotation Sent,Order Lost,FALSE
20080,,17 May 18,bmro,Quotation Sent,Order Lost,FALSE
20084,,17 May 18,bmro,Quotation Sent,Order Lost,FALSE
20057,,16 May 18,bmro,Quotation Sent,Order Lost,FALSE
20059,,16 May 18,bmro,Quotation Sent,Order Lost,FALSE
20052,,16 May 18,bmro,Quotation Sent,Order Lost,FALSE
20053,,16 May 18,bmro,Quotation Sent,Order Lost,FALSE
20062,,16 May 18,bmro,Quotation Sent,Order Lost,FALSE
20056,,16 May 18,bmro,Quotation Sent,Order Lost,FALSE
20055,,16 May 18,bmro,Quotation Sent,Regret,FALSE
20060,,16 May 18,bmro,Quotation Sent,Order Lost,FALSE
20061,,16 May 18,bmro,Quotation Sent,Order Lost,FALSE
20051,,16 May 18,bmro,Quotation Sent,Order Lost,FALSE
20028,,15 May 18,bmro,Quotation Sent,Order Lost,FALSE
20030,,15 May 18,bmro,Quotation Sent,Order Lost,FALSE
20043,,15 May 18,bmro,Quotation Sent,Order Lost,FALSE
20032,,15 May 18,bmro,Quotation Sent,Order Lost,FALSE
20008,,14 May 18,bmro,Quotation Sent,Order Lost,FALSE
20019,,14 May 18,bmro,Quotation Sent,Order Lost,FALSE
20005,,14 May 18,bmro,Quotation Sent,Order Lost,FALSE
20006,,14 May 18,bmro,Quotation Sent,Order Lost,FALSE
20009,,14 May 18,bmro,Quotation Sent,Order Lost,FALSE
20015,,14 May 18,bmro,Quotation Sent,Order Lost,FALSE
20013,,14 May 18,bmro,Quotation Sent,Order Lost,FALSE
20012,,14 May 18,bmro,Quotation Sent,Order Lost,FALSE
20014,,14 May 18,bmro,Quotation Sent,Order Lost,FALSE
20011,,14 May 18,bmro,Quotation Sent,Order Lost,FALSE
20000,,14 May 18,bmro,Quotation Sent,Order Lost,FALSE
20016,,14 May 18,bmro,Quotation Sent,Regret,FALSE
20010,,14 May 18,bmro,Quotation Sent,Order Lost,FALSE
19985,,11 May 18,bmro,Quotation Sent,Order Lost,FALSE
19978,,11 May 18,bmro,Quotation Sent,Order Lost,FALSE
19984,,11 May 18,bmro,Quotation Sent,Order Lost,FALSE
19992,,11 May 18,bmro,Quotation Sent,Order Lost,FALSE
19990,,11 May 18,bmro,Quotation Sent,Order Lost,FALSE
19983,,11 May 18,bmro,Quotation Sent,Order Lost,FALSE
19986,,11 May 18,bmro,Quotation Sent,Order Lost,FALSE
19976,,11 May 18,bmro,Order Lost,Regret,FALSE
19994,,11 May 18,bmro,Quotation Sent,Order Lost,FALSE
19988,,11 May 18,bmro,Quotation Sent,Order Lost,FALSE
19949,,10 May 18,bmro,Quotation Sent,Order Lost,FALSE
19970,,10 May 18,bmro,Quotation Sent,Order Lost,FALSE
19965,,10 May 18,bmro,Quotation Sent,Regret,FALSE
19972,,10 May 18,bmro,Quotation Sent,Order Lost,FALSE
19953,,10 May 18,bmro,Quotation Sent,Order Lost,FALSE
19963,,10 May 18,bmro,Quotation Sent,Order Lost,FALSE
19958,,10 May 18,bmro,Quotation Sent,Order Lost,FALSE
19961,,10 May 18,bmro,Quotation Sent,Order Lost,FALSE
19947,,10 May 18,bmro,Quotation Sent,Order Lost,FALSE
19952,,10 May 18,bmro,Quotation Sent,Order Lost,FALSE
19950,,10 May 18,bmro,Quotation Sent,Order Lost,FALSE
19948,,10 May 18,bmro,Quotation Sent,Order Lost,FALSE
19960,,10 May 18,bmro,Quotation Sent,Order Lost,FALSE
19934,,9 May 18,bmro,Quotation Sent,Order Lost,FALSE
19933,,9 May 18,bmro,Quotation Sent,Order Lost,FALSE
19918,,9 May 18,bmro,Quotation Sent,Order Lost,FALSE
19927,,9 May 18,bmro,Quotation Sent,Order Lost,FALSE
19925,,9 May 18,bmro,Quotation Sent,Order Lost,FALSE
19929,,9 May 18,bmro,Quotation Sent,Order Lost,FALSE
19939,,9 May 18,bmro,Quotation Sent,Regret,FALSE
19946,,9 May 18,bmro,Quotation Sent,Order Lost,FALSE
19920,,9 May 18,bmro,Quotation Sent,Order Lost,FALSE
19945,,9 May 18,bmro,Quotation Sent,Order Lost,FALSE
19936,,9 May 18,bmro,Quotation Sent,Order Lost,FALSE
19941,,9 May 18,bmro,Quotation Sent,Order Lost,FALSE
19904,,8 May 18,bmro,Quotation Sent,Order Lost,FALSE
19905,,8 May 18,bmro,Quotation Sent,Order Lost,FALSE
19901,,8 May 18,bmro,Quotation Sent,Order Lost,FALSE
19893,,8 May 18,bmro,Quotation Sent,Order Lost,FALSE
19896,,8 May 18,bmro,Quotation Sent,Order Lost,FALSE
19910,,8 May 18,bmro,Quotation Sent,Order Lost,FALSE
19891,,8 May 18,bmro,Quotation Sent,Order Lost,FALSE
19908,,8 May 18,bmro,Quotation Sent,Order Lost,FALSE
19912,,8 May 18,bmro,Quotation Sent,Order Lost,FALSE
19887,,8 May 18,bmro,Quotation Sent,Order Lost,FALSE
19902,,8 May 18,bmro,Quotation Sent,Order Lost,FALSE
19894,,8 May 18,bmro,Quotation Sent,Order Lost,FALSE
19897,,8 May 18,bmro,Quotation Sent,Order Lost,FALSE
19844,,7 May 18,bmro,Quotation Sent,Order Lost,FALSE
19846,,7 May 18,bmro,Quotation Sent,Order Lost,FALSE
19882,,7 May 18,bmro,Quotation Sent,Order Lost,FALSE
19879,,7 May 18,bmro,Quotation Sent,Regret,FALSE
19853,,7 May 18,bmro,Quotation Sent,Order Lost,FALSE
19855,,7 May 18,bmro,Quotation Sent,Order Lost,FALSE
19833,,5 May 18,bmro,Quotation Sent,Order Lost,FALSE
19837,,5 May 18,bmro,Quotation Sent,Order Lost,FALSE
19818,,4 May 18,bmro,Quotation Sent,Order Lost,FALSE
19824,,4 May 18,bmro,Quotation Sent,Order Lost,FALSE
19811,,4 May 18,bmro,Quotation Sent,Order Lost,FALSE
19827,,4 May 18,bmro,Quotation Sent,Order Lost,FALSE
19817,,4 May 18,bmro,Quotation Sent,Regret,FALSE
19821,,4 May 18,bmro,Quotation Sent,Order Lost,FALSE
19822,,4 May 18,bmro,Quotation Sent,Order Lost,FALSE
19828,,4 May 18,bmro,Quotation Sent,Order Lost,FALSE
19816,,4 May 18,bmro,Quotation Sent,Order Lost,FALSE
19823,,4 May 18,bmro,Quotation Sent,Order Lost,FALSE
19779,,3 May 18,bmro,Quotation Sent,Order Lost,FALSE
19771,,3 May 18,bmro,Quotation Sent,Order Lost,FALSE
19808,,3 May 18,ong,Quotation Sent,Order Lost,FALSE
19777,,3 May 18,bmro,Quotation Sent,Order Lost,FALSE
19776,,3 May 18,bmro,Quotation Sent,Order Lost,FALSE
19807,,3 May 18,bmro,Quotation Sent,Regret,FALSE
19801,,3 May 18,bmro,Quotation Sent,Order Lost,FALSE
19804,,3 May 18,bmro,Quotation Sent,Order Lost,FALSE
19789,,3 May 18,bmro,Quotation Sent,Order Lost,FALSE
19782,,3 May 18,bmro,Quotation Sent,Order Lost,FALSE
19783,,3 May 18,bmro,Quotation Sent,Order Lost,FALSE
19799,,3 May 18,bmro,Quotation Sent,Order Lost,FALSE
19800,,3 May 18,bmro,Quotation Sent,Order Lost,FALSE
19805,,3 May 18,bmro,Quotation Sent,Order Lost,FALSE
19751,,2 May 18,bmro,Quotation Sent,Order Lost,FALSE
19786,,2 May 18,bmro,Quotation Sent,Order Lost,FALSE
19761,,2 May 18,bmro,Quotation Sent,Order Lost,FALSE
19759,,2 May 18,bmro,Quotation Sent,Order Lost,FALSE
19746,,2 May 18,bmro,Quotation Sent,Order Lost,FALSE
19733,,30 Apr 18,bmro,Quotation Sent,Order Lost,FALSE
19730,,30 Apr 18,bmro,Quotation Sent,Order Lost,FALSE
19729,,30 Apr 18,bmro,Quotation Sent,Order Lost,FALSE
19732,,30 Apr 18,bmro,Quotation Sent,Order Lost,FALSE
19725,,30 Apr 18,bmro,Quotation Sent,Order Lost,FALSE
19723,,30 Apr 18,bmro,Quotation Sent,Order Lost,FALSE
19713,,30 Apr 18,bmro,Quotation Sent,Regret,FALSE
19736,,30 Apr 18,bmro,Quotation Sent,Order Lost,FALSE
19731,,30 Apr 18,bmro,Quotation Sent,Order Lost,FALSE
19721,,30 Apr 18,bmro,Quotation Sent,Order Lost,FALSE
19727,,30 Apr 18,bmro,Quotation Sent,Order Lost,FALSE
19737,,30 Apr 18,bmro,Quotation Sent,Order Lost,FALSE
19696,,27 Apr 18,bmro,Quotation Sent,Order Lost,FALSE
19697,,27 Apr 18,bmro,Quotation Sent,Order Lost,FALSE
19706,,27 Apr 18,bmro,Quotation Sent,Order Lost,FALSE
19708,,27 Apr 18,bmro,Quotation Sent,Order Lost,FALSE
19709,,27 Apr 18,bmro,Quotation Sent,Order Lost,FALSE
19703,,27 Apr 18,bmro,Quotation Sent,Order Lost,FALSE
19671,,26 Apr 18,bmro,Quotation Sent,Order Lost,FALSE
19685,,26 Apr 18,bmro,Quotation Sent,Order Lost,FALSE
19664,,26 Apr 18,bmro,Quotation Sent,Order Lost,FALSE
19662,,26 Apr 18,bmro,Quotation Sent,Order Lost,FALSE
19665,,26 Apr 18,bmro,Quotation Sent,Regret,FALSE
19667,,26 Apr 18,bmro,Quotation Sent,Order Lost,FALSE
19672,,26 Apr 18,bmro,Quotation Sent,Order Lost,FALSE
19670,,26 Apr 18,bmro,Quotation Sent,Order Lost,FALSE
19674,,26 Apr 18,bmro,Quotation Sent,Order Lost,FALSE
19675,,26 Apr 18,bmro,Quotation Sent,Order Lost,FALSE
19673,,26 Apr 18,bmro,Quotation Sent,Order Lost,FALSE
19679,,26 Apr 18,bmro,Quotation Sent,Order Lost,FALSE
19677,,26 Apr 18,bmro,Quotation Sent,Order Lost,FALSE
19681,,26 Apr 18,bmro,Quotation Sent,Order Lost,FALSE
19657,,25 Apr 18,bmro,Quotation Sent,Order Lost,FALSE
19652,,25 Apr 18,bmro,Quotation Sent,Order Lost,FALSE
19646,,25 Apr 18,bmro,Quotation Sent,Order Lost,FALSE
19655,,25 Apr 18,bmro,Quotation Sent,Order Lost,FALSE
19648,,25 Apr 18,bmro,Quotation Sent,Order Lost,FALSE
19658,,25 Apr 18,bmro,Quotation Sent,Regret,FALSE
19656,,25 Apr 18,bmro,Quotation Sent,Order Lost,FALSE
19624,,24 Apr 18,bmro,Quotation Sent,Order Lost,FALSE
19619,,24 Apr 18,bmro,Quotation Sent,Order Lost,FALSE
19628,,24 Apr 18,bmro,Quotation Sent,Order Lost,FALSE
19617,,24 Apr 18,bmro,Quotation Sent,Order Lost,FALSE
19622,,24 Apr 18,bmro,Quotation Sent,Order Lost,FALSE
19623,,24 Apr 18,bmro,Quotation Sent,Order Lost,FALSE
19632,,24 Apr 18,bmro,Quotation Sent,Order Lost,FALSE
19615,,24 Apr 18,bmro,Quotation Sent,Order Lost,FALSE
19621,,24 Apr 18,bmro,Quotation Sent,Order Lost,FALSE
19589,,23 Apr 18,bmro,Quotation Sent,Order Lost,FALSE
19606,,23 Apr 18,bmro,Quotation Sent,Order Lost,FALSE
19603,,23 Apr 18,bmro,Quotation Sent,Regret,FALSE
19598,,23 Apr 18,bmro,Quotation Sent,Order Lost,FALSE
19590,,23 Apr 18,bmro,Quotation Sent,Order Lost,FALSE
19607,,23 Apr 18,bmro,Quotation Sent,Order Lost,FALSE
19591,,23 Apr 18,bmro,Quotation Sent,Order Lost,FALSE
19604,,23 Apr 18,bmro,Quotation Sent,Order Lost,FALSE
19582,,21 Apr 18,bmro,Quotation Sent,Regret,FALSE
19552,,20 Apr 18,bmro,Quotation Sent,Regret,FALSE
19572,,20 Apr 18,bmro,Quotation Sent,Order Lost,FALSE
19553,,20 Apr 18,bmro,Quotation Sent,Order Lost,FALSE
19577,,20 Apr 18,bmro,Quotation Sent,Order Lost,FALSE
19576,,20 Apr 18,bmro,Quotation Sent,Order Lost,FALSE
19571,,20 Apr 18,bmro,Quotation Sent,Order Lost,FALSE
19561,,20 Apr 18,bmro,Quotation Sent,Regret,FALSE
19554,,20 Apr 18,bmro,Quotation Sent,Order Lost,FALSE
19579,,20 Apr 18,bmro,Quotation Sent,Regret,FALSE
19568,,20 Apr 18,bmro,Quotation Sent,Order Lost,FALSE
19555,,20 Apr 18,bmro,Quotation Sent,Order Lost,FALSE
19566,,20 Apr 18,bmro,Quotation Sent,Order Lost,FALSE
19557,,20 Apr 18,bmro,Quotation Sent,Order Lost,FALSE
19560,,20 Apr 18,bmro,Quotation Sent,Order Lost,FALSE
19525,,19 Apr 18,bmro,Quotation Sent,Order Lost,FALSE
19535,,19 Apr 18,bmro,Quotation Sent,Order Lost,FALSE
19542,,19 Apr 18,bmro,Quotation Sent,Regret,FALSE
19538,,19 Apr 18,bmro,Quotation Sent,Order Lost,FALSE
19520,,19 Apr 18,bmro,Quotation Sent,Order Lost,FALSE
19514,,18 Apr 18,bmro,Quotation Sent,Order Lost,FALSE
19511,,18 Apr 18,bmro,Quotation Sent,Regret,FALSE
19495,,18 Apr 18,bmro,Quotation Sent,Order Lost,FALSE
19496,,18 Apr 18,bmro,Quotation Sent,Order Lost,FALSE
19498,,18 Apr 18,bmro,Quotation Sent,Order Lost,FALSE
19513,,18 Apr 18,bmro,Quotation Sent,Order Lost,FALSE
19505,,18 Apr 18,bmro,Quotation Sent,Order Lost,FALSE
19506,,18 Apr 18,bmro,Quotation Sent,Order Lost,FALSE
19502,,18 Apr 18,bmro,Quotation Sent,Regret,FALSE
19517,,18 Apr 18,bmro,Quotation Sent,Order Lost,FALSE
19499,,18 Apr 18,bmro,Quotation Sent,Order Lost,FALSE
19480,,17 Apr 18,bmro,Quotation Sent,Order Lost,FALSE
19482,,17 Apr 18,bmro,Quotation Sent,Order Lost,FALSE
19491,,17 Apr 18,bmro,Quotation Sent,Order Lost,FALSE
19449,,16 Apr 18,bmro,Quotation Sent,Order Lost,FALSE
19461,,16 Apr 18,bmro,Quotation Sent,Order Lost,FALSE
19452,,16 Apr 18,bmro,Quotation Sent,Order Lost,FALSE
19465,,16 Apr 18,bmro,Quotation Sent,Order Lost,FALSE
19442,,16 Apr 18,bmro,Quotation Sent,Order Lost,FALSE
19453,,16 Apr 18,bmro,Quotation Sent,Regret,FALSE
19462,,16 Apr 18,bmro,Quotation Sent,Order Lost,FALSE
19447,,16 Apr 18,bmro,Quotation Sent,Order Lost,FALSE
19450,,16 Apr 18,bmro,Quotation Sent,Order Lost,FALSE
19440,,14 Apr 18,bmro,Quotation Sent,Order Lost,FALSE
19437,,13 Apr 18,bmro,Quotation Sent,Order Lost,FALSE
19427,,13 Apr 18,bmro,Quotation Sent,Order Lost,FALSE
19432,,13 Apr 18,bmro,Quotation Sent,Order Lost,FALSE
19430,,13 Apr 18,bmro,Quotation Sent,Order Lost,FALSE
19425,,13 Apr 18,bmro,Quotation Sent,Order Lost,FALSE
19426,,13 Apr 18,bmro,Quotation Sent,Order Lost,FALSE
19421,,13 Apr 18,ong,Quotation Sent,Regret,FALSE
19417,,13 Apr 18,bmro,Quotation Sent,Order Lost,FALSE
19418,,13 Apr 18,bmro,Quotation Sent,Order Lost,FALSE
19435,,13 Apr 18,bmro,Quotation Sent,Order Lost,FALSE
19424,,13 Apr 18,bmro,Quotation Sent,Order Lost,FALSE
19431,,13 Apr 18,bmro,Quotation Sent,Order Lost,FALSE
19397,,12 Apr 18,bmro,Quotation Sent,Order Lost,FALSE
19400,,12 Apr 18,bmro,Quotation Sent,Regret,FALSE
19404,,12 Apr 18,bmro,Quotation Sent,Order Lost,FALSE
19383,,12 Apr 18,bmro,Quotation Sent,Order Lost,FALSE
19395,,12 Apr 18,bmro,Quotation Sent,Order Lost,FALSE
19387,,12 Apr 18,bmro,Quotation Sent,Order Lost,FALSE
19398,,12 Apr 18,bmro,Quotation Sent,Order Lost,FALSE
19407,,12 Apr 18,bmro,Quotation Sent,Order Lost,FALSE
19386,,12 Apr 18,bmro,Quotation Sent,Order Lost,FALSE
19408,,12 Apr 18,bmro,Quotation Sent,Order Lost,FALSE
19394,,12 Apr 18,bmro,Quotation Sent,Order Lost,FALSE
19385,,12 Apr 18,bmro,Quotation Sent,Order Lost,FALSE
19406,,12 Apr 18,bmro,Quotation Sent,Order Lost,FALSE
19388,,12 Apr 18,bmro,Quotation Sent,Order Lost,FALSE
19366,,11 Apr 18,bmro,Quotation Sent,Order Lost,FALSE
19376,,11 Apr 18,bmro,Quotation Sent,Order Lost,FALSE
19373,,11 Apr 18,bmro,Quotation Sent,Order Lost,FALSE
19375,,11 Apr 18,bmro,Quotation Sent,Order Lost,FALSE
19365,,11 Apr 18,bmro,Quotation Sent,Order Lost,FALSE
19367,,11 Apr 18,bmro,Quotation Sent,Order Lost,FALSE
19377,,11 Apr 18,bmro,Quotation Sent,Order Lost,FALSE
19338,,10 Apr 18,bmro,Quotation Sent,Order Lost,FALSE
19355,,10 Apr 18,bmro,Quotation Sent,Order Lost,FALSE
19348,,10 Apr 18,bmro,Quotation Sent,Order Lost,FALSE
19332,,10 Apr 18,bmro,Quotation Sent,Order Lost,FALSE
19336,,10 Apr 18,bmro,Quotation Sent,Order Lost,FALSE
19335,,10 Apr 18,bmro,Quotation Sent,Order Lost,FALSE
19337,,10 Apr 18,bmro,Quotation Sent,Order Lost,FALSE
19341,,10 Apr 18,bmro,Quotation Sent,Order Lost,FALSE
19353,,10 Apr 18,bmro,Expected Order,Order Lost,FALSE
19313,,9 Apr 18,bmro,Quotation Sent,Order Lost,FALSE
19320,,9 Apr 18,bmro,Quotation Sent,Order Lost,FALSE
19322,,9 Apr 18,bmro,Quotation Sent,Regret,FALSE
19318,,9 Apr 18,bmro,Quotation Sent,Order Lost,FALSE
19327,,9 Apr 18,bmro,Quotation Sent,Order Lost,FALSE
19305,,7 Apr 18,bmro,Quotation Sent,Order Lost,FALSE
19303,,7 Apr 18,bmro,Quotation Sent,Order Lost,FALSE
19307,,7 Apr 18,bmro,Quotation Sent,Order Lost,FALSE
19306,,7 Apr 18,bmro,Quotation Sent,Order Lost,FALSE
19278,,6 Apr 18,bmro,Quotation Sent,Order Lost,FALSE
19292,,6 Apr 18,bmro,Quotation Sent,Order Lost,FALSE
19296,,6 Apr 18,bmro,Quotation Sent,Order Lost,FALSE
19293,,6 Apr 18,bmro,Quotation Sent,Order Lost,FALSE
19297,,6 Apr 18,bmro,Quotation Sent,Order Lost,FALSE
19248,,5 Apr 18,bmro,Quotation Sent,Order Lost,FALSE
19262,,5 Apr 18,bmro,Quotation Sent,Order Lost,FALSE
19256,,5 Apr 18,bmro,Quotation Sent,Order Lost,FALSE
19265,,5 Apr 18,bmro,Quotation Sent,Order Lost,FALSE
19263,,5 Apr 18,bmro,Quotation Sent,Order Lost,FALSE
19270,,5 Apr 18,bmro,Quotation Sent,Order Lost,FALSE
19272,,5 Apr 18,bmro,Quotation Sent,Order Lost,FALSE
19259,,5 Apr 18,bmro,Quotation Sent,Order Lost,FALSE
19255,,5 Apr 18,bmro,Quotation Sent,Order Lost,FALSE
19251,,5 Apr 18,bmro,Quotation Sent,Order Lost,FALSE
19243,,4 Apr 18,bmro,Quotation Sent,Order Lost,FALSE
19235,,4 Apr 18,bmro,Quotation Sent,Order Lost,FALSE
19239,,4 Apr 18,bmro,Quotation Sent,Order Lost,FALSE
19222,,4 Apr 18,bmro,Quotation Sent,Order Lost,FALSE
21465,,4 Apr 18,bmro,Quotation Sent,Order Lost,FALSE
19217,,4 Apr 18,bmro,Quotation Sent,Order Lost,FALSE
19218,,4 Apr 18,bmro,Quotation Sent,Order Lost,FALSE
19234,,4 Apr 18,bmro,Quotation Sent,Order Lost,FALSE
19230,,4 Apr 18,bmro,Quotation Sent,Order Lost,FALSE
19238,,4 Apr 18,bmro,Quotation Sent,Order Lost,FALSE
19200,,3 Apr 18,bmro,Quotation Sent,Order Lost,FALSE
19207,,3 Apr 18,bmro,Quotation Sent,Order Lost,FALSE
19208,,3 Apr 18,bmro,Quotation Sent,Order Lost,FALSE
19211,,3 Apr 18,bmro,Quotation Sent,Regret,FALSE
19199,,3 Apr 18,bmro,Quotation Sent,Order Lost,FALSE
19212,,3 Apr 18,bmro,Quotation Sent,Order Lost,FALSE
19192,,2 Apr 18,bmro,Quotation Sent,Regret,FALSE
19183,,2 Apr 18,bmro,Quotation Sent,Order Lost,FALSE
19177,,2 Apr 18,bmro,Quotation Sent,Order Lost,FALSE
19175,,2 Apr 18,bmro,Quotation Sent,Order Lost,FALSE
19196,,2 Apr 18,bmro,Quotation Sent,Order Lost,FALSE
19186,,2 Apr 18,bmro,Quotation Sent,Order Lost,FALSE
19189,,2 Apr 18,bmro,Quotation Sent,Order Lost,FALSE
19180,,2 Apr 18,bmro,Quotation Sent,Order Lost,FALSE
19194,,2 Apr 18,bmro,Quotation Sent,Order Lost,FALSE
